caso_numero,victima_edad,victima_identidad_genero,victima_tipo,hecho_provincia,hecho_modalidad_comisiva,hecho_fecha,año,mes
1246,58,MUJER,PRINCIPAL,Corrientes,APUÑALAMIENTO,2018-10-29,2018,10
797,999,MUJER,PRINCIPAL,Buenos Aires,OTROS,2014-05-02,2014,7
943,39,MUJER,PRINCIPAL,Santiago del Estero,AHORCAMIENTO,2012-01-22,2012,1
37,34,MUJER,PRINCIPAL,Entre Rios,GOLPES,2012-05-21,2012,5
956,38,MUJER,PRINCIPAL,Misiones,ACUCHILLAMIENTO,2012-12-06,2012,12
437,32,MUJER,PRINCIPAL,Cordoba,ACUCHILLAMIENTO,2012-12-16,2012,12
421,50,MUJER,PRINCIPAL,Cordoba,ACUCHILLAMIENTO,2012-12-17,2012,12
117,45,MUJER,PRINCIPAL,Salta,DISPARO DE BALA,2012-12-30,2012,12
369,41,MUJER,PRINCIPAL,Santa Fe,DISPARO DE BALA,2012-12-30,2012,12
417,28,MUJER,PRINCIPAL,Buenos Aires,INDEFINIDO,2014-12-03,2013,7
96,21,MUJER,PRINCIPAL,Cordoba,QUEMADURAS,2013-01-01,2013,1
367,10,MUJER,VINCULADO,Buenos Aires,ACUCHILLAMIENTO,2013-01-02,2013,1
367,34,MUJER,PRINCIPAL,Buenos Aires,ACUCHILLAMIENTO,2013-01-02,2013,1
195,7,MUJER,PRINCIPAL,Misiones,OTROS,2013-01-09,2013,1
303,63,MUJER,PRINCIPAL,Buenos Aires,GOLPES,2013-01-13,2013,1
468,,HOMBRE,VINCULADO,Entre Rios,DISPARO DE BALA,2013-01-13,2013,1
196,40,MUJER,PRINCIPAL,Misiones,ACUCHILLAMIENTO,2013-01-13,2013,1
242,37,MUJER,PRINCIPAL,Mendoza,DISPARO DE BALA,2013-01-16,2013,1
233,21,MUJER,PRINCIPAL,Neuquen,DISPARO DE BALA,2013-01-17,2013,1
340,18,MUJER,PRINCIPAL,San Luis,DISPARO DE BALA,2013-01-19,2013,1
238,32,MUJER,PRINCIPAL,Santa Fe,APUÑALAMIENTO,2013-01-19,2013,1
79,26,MUJER,PRINCIPAL,Chubut,APUÑALAMIENTO,2013-01-27,2013,1
359,,MUJER,PRINCIPAL,Catamarca,ACUCHILLAMIENTO,2013-01-29,2013,1
428,26,MUJER,PRINCIPAL,Buenos Aires,INDEFINIDO,2013-01-30,2013,1
358,,MUJER,PRINCIPAL,Tucuman,QUEMADURAS,2013-02-02,2013,2
350,78,MUJER,PRINCIPAL,Cordoba,DISPARO DE BALA,2013-02-06,2013,2
124,31,MUJER,PRINCIPAL,Buenos Aires,QUEMADURAS,2013-02-08,2013,2
176,47,MUJER,PRINCIPAL,Cordoba,ACUCHILLAMIENTO,2013-02-08,2013,2
93,34,MUJER,PRINCIPAL,Buenos Aires,INDEFINIDO,2013-02-09,2013,2
1096,20,MUJER,PRINCIPAL,Buenos Aires,OTROS,2013-02-10,2013,2
390,,MUJER,PRINCIPAL,Cordoba,GOLPES,2013-02-11,2013,2
368,23,MUJER,PRINCIPAL,Entre Rios,ESTRANGULAMIENTO,2013-02-11,2013,2
281,22,MUJER,PRINCIPAL,Santiago del Estero,DISPARO DE BALA,2013-02-11,2013,2
793,14,MUJER,PRINCIPAL,Buenos Aires,GOLPES,2013-02-12,2013,2
357,25,MUJER,PRINCIPAL,Cordoba,INDEFINIDO,2013-02-12,2013,2
682,23,MUJER,PRINCIPAL,Entre Rios,GOLPES,2013-02-12,2013,2
189,19,MUJER,PRINCIPAL,Buenos Aires,OTROS,2013-02-14,2013,2
197,47,MUJER,PRINCIPAL,Misiones,GOLPES,2013-02-14,2013,2
249,34,MUJER,PRINCIPAL,Chaco,DISPARO DE BALA,2013-02-17,2013,2
406,2,HOMBRE,VINCULADO,Buenos Aires,DEGOLLAMIENTO,2013-02-18,2013,2
406,7,HOMBRE,VINCULADO,Buenos Aires,DEGOLLAMIENTO,2013-02-18,2013,2
351,25,MUJER,PRINCIPAL,Cordoba,ESTRANGULAMIENTO,2013-02-20,2013,2
465,11,MUJER,PRINCIPAL,Buenos Aires,OTROS,2013-02-23,2013,2
474,30,MUJER,PRINCIPAL,Jujuy,DISPARO DE BALA,2013-02-24,2013,2
352,34,MUJER,PRINCIPAL,Cordoba,INDEFINIDO,2013-03-03,2013,3
3,23,MUJER,PRINCIPAL,Catamarca,GOLPES,2013-03-05,2013,3
464,25,MUJER,PRINCIPAL,Santa Fe,GOLPES,2013-03-07,2013,3
423,43,MUJER,PRINCIPAL,Cordoba,ACUCHILLAMIENTO,2013-03-08,2013,3
354,46,MUJER,VINCULADO,Cordoba,ACUCHILLAMIENTO,2013-03-12,2013,3
391,27,MUJER,PRINCIPAL,Salta,ACUCHILLAMIENTO,2013-03-13,2013,3
204,41,MUJER,PRINCIPAL,Santiago del Estero,ACUCHILLAMIENTO,2013-03-13,2013,3
144,21,MUJER,PRINCIPAL,Cordoba,DISPARO DE BALA,2013-03-17,2013,3
97,24,MUJER,PRINCIPAL,Cordoba,DISPARO DE BALA,2013-03-24,2013,3
469,19,MUJER,PRINCIPAL,Entre Rios,DISPARO DE BALA,2013-03-24,2013,3
370,48,HOMBRE,VINCULADO,Buenos Aires,DISPARO DE BALA,2013-03-25,2013,3
230,30,MUJER,PRINCIPAL,La Rioja,DISPARO DE BALA,2013-03-25,2013,3
95,38,MUJER,PRINCIPAL,Chaco,ACUCHILLAMIENTO,2013-03-26,2013,3
346,31,TRANSGENERO,PRINCIPAL,Santa Fe,INDEFINIDO,2013-03-29,2013,3
119,27,MUJER,PRINCIPAL,Santa Fe,QUEMADURAS,2013-03-30,2013,3
361,,MUJER,PRINCIPAL,Catamarca,QUEMADURAS,2013-03-31,2013,3
236,36,MUJER,PRINCIPAL,Entre Rios,INDEFINIDO,2013-03-31,2013,3
73,25,MUJER,PRINCIPAL,Santa Fe,QUEMADURAS,2013-04-01,2013,4
989,30,MUJER,PRINCIPAL,Tucuman,DISPARO DE BALA,2013-04-01,2013,4
201,21,MUJER,PRINCIPAL,Misiones,DISPARO DE BALA,2013-04-06,2013,4
200,24,MUJER,PRINCIPAL,Misiones,GOLPES,2013-04-06,2013,4
568,33,MUJER,PRINCIPAL,Neuquen,DISPARO DE BALA,2013-04-18,2013,4
439,32,MUJER,PRINCIPAL,Cordoba,ACUCHILLAMIENTO,2013-04-21,2013,4
282,55,MUJER,PRINCIPAL,Santiago del Estero,DISPARO DE BALA,2013-04-21,2013,4
285,34,MUJER,PRINCIPAL,Santiago del Estero,DISPARO DE BALA,2013-04-28,2013,4
443,40,MUJER,PRINCIPAL,Rio Negro,DISPARO DE BALA,2013-04-30,2013,4
458,36,MUJER,PRINCIPAL,Buenos Aires,ACUCHILLAMIENTO,2013-05-01,2013,5
232,48,MUJER,PRINCIPAL,Corrientes,DEGOLLAMIENTO,2013-05-01,2013,5
440,21,MUJER,PRINCIPAL,Cordoba,ACUCHILLAMIENTO,2013-05-03,2013,5
362,50,MUJER,PRINCIPAL,Buenos Aires,GOLPES,2013-05-06,2013,5
413,31,MUJER,PRINCIPAL,Cordoba,ASFIXIA,2013-05-07,2013,5
389,21,MUJER,PRINCIPAL,Mendoza,ACUCHILLAMIENTO,2013-05-07,2013,5
309,32,TRANSGENERO,PRINCIPAL,Tierra del Fuego,ACUCHILLAMIENTO,2013-05-12,2013,5
713,32,TRANSGENERO,PRINCIPAL,Tierra del Fuego,ACUCHILLAMIENTO,2013-05-12,2013,5
107,31,MUJER,PRINCIPAL,Corrientes,GOLPES,2013-05-14,2013,5
434,9,MUJER,PRINCIPAL,Salta,INDEFINIDO,2013-05-18,2013,5
371,33,MUJER,PRINCIPAL,Buenos Aires,GOLPES,2013-05-20,2013,5
962,30,MUJER,PRINCIPAL,Buenos Aires,AHORCAMIENTO,2013-05-22,2013,5
178,52,MUJER,PRINCIPAL,Chaco,GOLPES,2013-05-22,2013,5
339,34,MUJER,PRINCIPAL,San Juan,GOLPES,2013-05-26,2013,5
60,53,MUJER,PRINCIPAL,Buenos Aires,ESTRANGULAMIENTO,2013-05-29,2013,5
463,3,,VINCULADO,Corrientes,DISPARO DE BALA,2013-05-30,2013,5
463,7,,VINCULADO,Corrientes,DISPARO DE BALA,2013-05-30,2013,5
287,29,MUJER,PRINCIPAL,Santiago del Estero,ACUCHILLAMIENTO,2013-06-01,2013,6
183,33,MUJER,PRINCIPAL,Buenos Aires,GOLPES,2013-06-02,2013,6
86,22,MUJER,PRINCIPAL,Buenos Aires,DISPARO DE BALA,2013-06-04,2013,6
411,47,MUJER,PRINCIPAL,Cordoba,ACUCHILLAMIENTO,2013-06-08,2013,6
78,16,MUJER,PRINCIPAL,Buenos Aires,GOLPES,2013-06-10,2013,6
398,45,MUJER,PRINCIPAL,Buenos Aires,GOLPES,2013-06-12,2013,6
471,30,MUJER,PRINCIPAL,Entre Rios,ACUCHILLAMIENTO,2013-06-17,2013,6
424,29,MUJER,PRINCIPAL,Cordoba,ACUCHILLAMIENTO,2013-06-18,2013,6
80,25,MUJER,PRINCIPAL,Chubut,DISPARO DE BALA,2013-06-21,2013,6
61,15,MUJER,PRINCIPAL,Chaco,INDEFINIDO,2013-06-30,2013,6
372,22,MUJER,PRINCIPAL,Cordoba,OTROS,2013-06-30,2013,6
74,34,MUJER,PRINCIPAL,Buenos Aires,DEGOLLAMIENTO,2013-07-06,2013,7
462,21,MUJER,PRINCIPAL,Salta,ESTRANGULAMIENTO,2013-07-08,2013,7
385,45,MUJER,PRINCIPAL,Mendoza,GOLPES,2013-07-12,2013,7
455,22,MUJER,PRINCIPAL,Entre Rios,OTROS,2013-07-15,2013,7
85,38,MUJER,PRINCIPAL,Buenos Aires,ACUCHILLAMIENTO,2013-07-20,2013,7
460,68,MUJER,PRINCIPAL,Rio Negro,GOLPES,2013-07-26,2013,7
288,41,MUJER,PRINCIPAL,Santiago del Estero,ACUCHILLAMIENTO,2013-07-27,2013,7
431,67,MUJER,PRINCIPAL,Cordoba,GOLPES,2013-07-28,2013,7
737,2,MUJER,VINCULADO,Buenos Aires,GOLPES,2013-08-17,2013,8
373,15,MUJER,PRINCIPAL,Entre Rios,DISPARO DE BALA,2013-08-18,2013,8
410,26,MUJER,PRINCIPAL,Santa Fe,INDEFINIDO,2013-08-20,2013,8
467,41,MUJER,PRINCIPAL,Entre Rios,ACUCHILLAMIENTO,2013-08-28,2013,8
401,20,MUJER,PRINCIPAL,Buenos Aires,GOLPES,2013-08-31,2013,8
250,41,MUJER,PRINCIPAL,Chaco,DISPARO DE BALA,2013-09-02,2013,9
329,11,MUJER,PRINCIPAL,Chubut,ESTRANGULAMIENTO,2013-09-02,2013,9
54,15,MUJER,PRINCIPAL,Buenos Aires,INDEFINIDO,2013-09-07,2013,9
81,,MUJER,PRINCIPAL,Chubut,DISPARO DE BALA,2013-09-08,2013,9
202,24,MUJER,PRINCIPAL,Misiones,DISPARO DE BALA,2013-09-15,2013,9
203,29,MUJER,PRINCIPAL,Misiones,ACUCHILLAMIENTO,2013-09-21,2013,9
104,35,MUJER,PRINCIPAL,Cordoba,DISPARO DE BALA,2013-09-26,2013,9
341,16,MUJER,PRINCIPAL,San Juan,GOLPES,2013-09-28,2013,9
53,19,MUJER,PRINCIPAL,Buenos Aires,ESTRANGULAMIENTO,2013-09-30,2013,9
261,20,MUJER,PRINCIPAL,Catamarca,GOLPES,2013-10-04,2013,10
319,35,MUJER,PRINCIPAL,Catamarca,GOLPES,2013-10-06,2013,10
251,19,MUJER,PRINCIPAL,Chaco,ACUCHILLAMIENTO,2013-10-14,2013,10
205,27,MUJER,PRINCIPAL,Misiones,DISPARO DE BALA,2013-10-17,2013,10
205,25,MUJER,VINCULADO,Misiones,DISPARO DE BALA,2013-10-17,2013,10
290,19,MUJER,PRINCIPAL,Santiago del Estero,ACUCHILLAMIENTO,2013-10-19,2013,10
364,25,MUJER,PRINCIPAL,Buenos Aires,ESTRANGULAMIENTO,2013-10-20,2013,10
291,53,,PRINCIPAL,Santiago del Estero,DISPARO DE BALA,2013-10-21,2013,10
461,25,MUJER,PRINCIPAL,Buenos Aires,GOLPES,2013-10-25,2013,10
407,17,MUJER,PRINCIPAL,Buenos Aires,DISPARO DE BALA,2013-10-26,2013,10
252,41,MUJER,VINCULADO,Chaco,ACUCHILLAMIENTO,2013-10-26,2013,10
252,21,MUJER,PRINCIPAL,Chaco,ACUCHILLAMIENTO,2013-10-26,2013,10
420,35,MUJER,PRINCIPAL,Cordoba,ACUCHILLAMIENTO,2013-10-26,2013,10
472,48,MUJER,PRINCIPAL,Entre Rios,DISPARO DE BALA,2013-10-29,2013,10
392,20,MUJER,PRINCIPAL,Buenos Aires,ESTRANGULAMIENTO,2013-10-30,2013,10
289,17,MUJER,PRINCIPAL,Santiago del Estero,GOLPES,2013-10-30,2013,10
253,,MUJER,PRINCIPAL,Chaco,ACUCHILLAMIENTO,2013-11-01,2013,11
415,26,MUJER,PRINCIPAL,San Luis,DISPARO DE BALA,2013-11-04,2013,11
415,4,HOMBRE,VINCULADO,San Luis,DISPARO DE BALA,2013-11-04,2013,11
436,10,,VINCULADO,Cordoba,DISPARO DE BALA,2013-11-05,2013,11
436,12,,VINCULADO,Cordoba,DISPARO DE BALA,2013-11-05,2013,11
366,20,MUJER,PRINCIPAL,Buenos Aires,ACUCHILLAMIENTO,2013-11-07,2013,11
323,30,MUJER,PRINCIPAL,Formosa,ACUCHILLAMIENTO,2013-11-10,2013,11
429,24,MUJER,PRINCIPAL,Cordoba,GOLPES,2013-11-16,2013,11
330,63,MUJER,PRINCIPAL,Buenos Aires,APUÑALAMIENTO,2013-11-20,2013,11
400,49,MUJER,PRINCIPAL,Buenos Aires,ACUCHILLAMIENTO,2013-11-20,2013,11
206,27,MUJER,PRINCIPAL,Misiones,GOLPES,2013-11-22,2013,11
69,49,MUJER,PRINCIPAL,Buenos Aires,DISPARO DE BALA,2013-11-23,2013,11
69,23,MUJER,VINCULADO,Buenos Aires,DISPARO DE BALA,2013-11-23,2013,11
414,40,MUJER,PRINCIPAL,Cordoba,QUEMADURAS,2013-11-24,2013,11
185,24,MUJER,PRINCIPAL,Buenos Aires,OTROS,2013-11-25,2013,11
374,43,MUJER,PRINCIPAL,Buenos Aires,DISPARO DE BALA,2013-11-25,2013,11
438,23,MUJER,PRINCIPAL,Cordoba,DISPARO DE BALA,2013-12-02,2013,12
106,52,MUJER,PRINCIPAL,Corrientes,QUEMADURAS,2013-12-02,2013,12
433,42,MUJER,PRINCIPAL,Cordoba,ACUCHILLAMIENTO,2013-12-04,2013,12
985,32,MUJER,PRINCIPAL,Santa Fe,QUEMADURAS,2013-12-09,2013,12
416,16,MUJER,PRINCIPAL,Cordoba,DISPARO DE BALA,2013-12-12,2013,12
363,13,MUJER,PRINCIPAL,Catamarca,ESTRANGULAMIENTO,2013-12-14,2013,12
399,35,MUJER,PRINCIPAL,Buenos Aires,DISPARO DE BALA,2013-12-17,2013,12
435,27,MUJER,PRINCIPAL,Cordoba,ASFIXIA,2013-12-19,2013,12
435,27,MUJER,VINCULADO,Cordoba,ASFIXIA,2013-12-19,2013,12
286,69,MUJER,PRINCIPAL,Buenos Aires,ASFIXIA,2013-12-26,2013,12
208,19,MUJER,PRINCIPAL,Misiones,GOLPES,2013-12-30,2013,12
43,21,MUJER,VINCULADO,Misiones,INDEFINIDO,2014-01-05,2014,1
42,22,MUJER,VINCULADO,Misiones,ATROPELLAMIENTO,2014-01-05,2014,1
587,3,MUJER,PRINCIPAL,Mendoza,GOLPES,2014-01-07,2014,1
489,16,MUJER,PRINCIPAL,Buenos Aires,GOLPES,2014-01-10,2014,1
292,23,MUJER,PRINCIPAL,Santiago del Estero,QUEMADURAS,2014-01-10,2014,1
254,27,MUJER,PRINCIPAL,Chaco,ACUCHILLAMIENTO,2014-01-13,2014,1
11,38,MUJER,PRINCIPAL,Buenos Aires,ASFIXIA,2014-01-16,2014,1
342,,,PRINCIPAL,San Juan,GOLPES,2014-01-17,2014,1
100,51,MUJER,PRINCIPAL,Cordoba,ACUCHILLAMIENTO,2014-01-18,2014,1
255,17,MUJER,PRINCIPAL,Chaco,DISPARO DE BALA,2014-01-24,2014,1
782,40,MUJER,PRINCIPAL,Cordoba,INDEFINIDO,2014-01-24,2014,1
98,35,MUJER,PRINCIPAL,Cordoba,DISPARO DE BALA,2014-01-26,2014,1
213,54,MUJER,PRINCIPAL,Misiones,DISPARO DE BALA,2014-01-29,2014,1
459,,MUJER,PRINCIPAL,Buenos Aires,DISPARO DE BALA,2014-02-06,2014,2
316,,MUJER,PRINCIPAL,Buenos Aires,GOLPES,2014-02-10,2014,2
375,53,MUJER,PRINCIPAL,Buenos Aires,DISPARO DE BALA,2014-02-11,2014,2
273,43,MUJER,PRINCIPAL,Corrientes,DISPARO DE BALA,2014-02-14,2014,2
33,29,MUJER,PRINCIPAL,Cordoba,INDEFINIDO,2014-02-16,2014,2
88,28,MUJER,PRINCIPAL,Buenos Aires,ACUCHILLAMIENTO,2014-02-19,2014,2
497,53,MUJER,PRINCIPAL,Santa Fe,GOLPES,2014-02-19,2014,2
294,43,MUJER,PRINCIPAL,Santiago del Estero,ACUCHILLAMIENTO,2014-02-19,2014,2
344,42,MUJER,PRINCIPAL,Santiago del Estero,ACUCHILLAMIENTO,2014-02-19,2014,2
258,23,MUJER,PRINCIPAL,Chaco,ESTRANGULAMIENTO,2014-02-20,2014,2
810,23,MUJER,PRINCIPAL,Chaco,ACUCHILLAMIENTO,2014-02-20,2014,2
265,12,MUJER,PRINCIPAL,Buenos Aires,ASFIXIA,2014-02-23,2014,2
112,47,MUJER,PRINCIPAL,Entre Rios,AHORCAMIENTO,2014-02-27,2014,2
572,66,MUJER,PRINCIPAL,Misiones,INDEFINIDO,2014-02-28,2014,2
693,20,MUJER,PRINCIPAL,Salta,GOLPES,2014-03-06,2014,3
312,25,MUJER,PRINCIPAL,Buenos Aires,ESTRANGULAMIENTO,2014-03-07,2014,3
295,43,MUJER,PRINCIPAL,Santiago del Estero,DISPARO DE BALA,2014-03-07,2014,3
214,24,MUJER,PRINCIPAL,Misiones,GOLPES,2014-03-08,2014,3
510,21,MUJER,PRINCIPAL,Buenos Aires,INDEFINIDO,2014-03-08,2014,3
215,17,MUJER,PRINCIPAL,Misiones,DISPARO DE BALA,2014-03-09,2014,3
488,17,MUJER,PRINCIPAL,Buenos Aires,INDEFINIDO,2014-03-10,2014,3
110,24,MUJER,PRINCIPAL,Entre Rios,ACUCHILLAMIENTO,2014-03-10,2014,3
296,43,MUJER,PRINCIPAL,Santiago del Estero,GOLPES,2014-03-13,2014,3
212,29,MUJER,PRINCIPAL,Buenos Aires,GOLPES,2014-03-13,2014,3
2,32,MUJER,PRINCIPAL,Buenos Aires,ACUCHILLAMIENTO,2014-03-27,2014,3
1029,36,,PRINCIPAL,Buenos Aires,ASFIXIA,2014-03-28,2014,3
122,23,MUJER,PRINCIPAL,Entre Rios,DISPARO DE BALA,2014-04-01,2014,4
23,57,MUJER,PRINCIPAL,Mendoza,GOLPES,2014-04-02,2014,4
57,25,MUJER,PRINCIPAL,Jujuy,INDEFINIDO,2014-04-05,2014,4
376,32,MUJER,PRINCIPAL,Buenos Aires,GOLPES,2014-04-06,2014,4
149,65,MUJER,PRINCIPAL,Buenos Aires,ACUCHILLAMIENTO,2014-04-10,2014,4
111,30,MUJER,PRINCIPAL,Entre Rios,ACUCHILLAMIENTO,2014-04-10,2014,4
68,38,MUJER,PRINCIPAL,Buenos Aires,INDEFINIDO,2014-04-14,2014,4
102,44,MUJER,PRINCIPAL,Cordoba,ACUCHILLAMIENTO,2014-04-15,2014,4
259,25,MUJER,PRINCIPAL,Chaco,DISPARO DE BALA,2014-04-16,2014,4
199,35,MUJER,PRINCIPAL,Rio Negro,ACUCHILLAMIENTO,2014-04-20,2014,4
260,50,TRANSGENERO,PRINCIPAL,Chaco,GOLPES,2014-04-23,2014,4
365,34,MUJER,PRINCIPAL,Buenos Aires,GOLPES,2014-04-28,2014,4
263,18,MUJER,PRINCIPAL,Chaco,INDEFINIDO,2014-04-30,2014,4
264,28,MUJER,PRINCIPAL,Chaco,GOLPES,2014-05-03,2014,5
216,56,MUJER,PRINCIPAL,Misiones,ACUCHILLAMIENTO,2014-05-04,2014,5
175,22,MUJER,PRINCIPAL,Salta,INDEFINIDO,2014-05-04,2014,5
412,40,MUJER,PRINCIPAL,Buenos Aires,ACUCHILLAMIENTO,2014-05-05,2014,5
327,28,MUJER,PRINCIPAL,Buenos Aires,DISPARO DE BALA,2014-05-06,2014,5
243,69,MUJER,PRINCIPAL,Mendoza,ACUCHILLAMIENTO,2014-05-09,2014,5
405,11,MUJER,VINCULADO,Buenos Aires,QUEMADURAS,2014-05-10,2014,5
405,38,MUJER,PRINCIPAL,Buenos Aires,QUEMADURAS,2014-05-10,2014,5
405,31,HOMBRE,VINCULADO,Buenos Aires,QUEMADURAS,2014-05-10,2014,5
405,10,MUJER,VINCULADO,Buenos Aires,QUEMADURAS,2014-05-10,2014,5
405,6,HOMBRE,VINCULADO,Buenos Aires,QUEMADURAS,2014-05-10,2014,5
405,5,MUJER,VINCULADO,Buenos Aires,QUEMADURAS,2014-05-10,2014,5
405,4,HOMBRE,VINCULADO,Buenos Aires,QUEMADURAS,2014-05-10,2014,5
405,13,MUJER,VINCULADO,Buenos Aires,QUEMADURAS,2014-05-10,2014,5
530,22,MUJER,PRINCIPAL,Buenos Aires,DISPARO DE BALA,2014-05-12,2014,5
515,16,MUJER,PRINCIPAL,Salta,ESTRANGULAMIENTO,2014-05-12,2014,5
32,,MUJER,PRINCIPAL,Cordoba,INDEFINIDO,2014-05-16,2014,5
5,49,MUJER,PRINCIPAL,Buenos Aires,OTROS,2014-05-18,2014,5
113,25,MUJER,PRINCIPAL,Entre Rios,ESTRANGULAMIENTO,2014-05-18,2014,5
101,34,MUJER,PRINCIPAL,Cordoba,INDEFINIDO,2014-05-19,2014,5
297,36,MUJER,PRINCIPAL,Santiago del Estero,GOLPES,2014-05-23,2014,5
509,17,MUJER,PRINCIPAL,Buenos Aires,DISPARO DE BALA,2014-05-25,2014,5
509,19,MUJER,VINCULADO,Buenos Aires,DISPARO DE BALA,2014-05-25,2014,5
326,41,MUJER,PRINCIPAL,Buenos Aires,DISPARO DE BALA,2014-05-28,2014,5
514,17,MUJER,PRINCIPAL,Buenos Aires,GOLPES,2014-05-30,2014,5
865,78,MUJER,PRINCIPAL,Santiago del Estero,GOLPES,2014-06-01,2014,6
159,39,MUJER,PRINCIPAL,Neuquen,DISPARO DE BALA,2014-06-14,2014,6
298,26,MUJER,PRINCIPAL,Santiago del Estero,ACUCHILLAMIENTO,2014-06-15,2014,6
335,21,MUJER,PRINCIPAL,Buenos Aires,GOLPES,2014-06-17,2014,6
244,33,MUJER,PRINCIPAL,Mendoza,ACUCHILLAMIENTO,2014-06-19,2014,6
377,63,MUJER,PRINCIPAL,Buenos Aires,ACUCHILLAMIENTO,2014-06-21,2014,6
377,86,MUJER,PRINCIPAL,Buenos Aires,ACUCHILLAMIENTO,2014-06-21,2014,6
957,999,MUJER,PRINCIPAL,Tucuman,GOLPES,2014-06-22,2014,6
299,43,MUJER,PRINCIPAL,Santiago del Estero,GOLPES,2014-06-24,2014,6
139,42,MUJER,PRINCIPAL,Cordoba,GOLPES,2014-06-29,2014,6
114,36,,PRINCIPAL,Entre Rios,DISPARO DE BALA,2014-07-03,2014,7
959,24,MUJER,PRINCIPAL,Tucuman,DISPARO DE BALA,2014-07-06,2014,7
378,37,MUJER,PRINCIPAL,Buenos Aires,ACUCHILLAMIENTO,2014-07-07,2014,7
266,,MUJER,PRINCIPAL,Chaco,GOLPES,2014-07-07,2014,7
180,19,MUJER,PRINCIPAL,Salta,GOLPES,2014-07-13,2014,7
379,27,MUJER,PRINCIPAL,Buenos Aires,GOLPES,2014-07-18,2014,7
87,15,MUJER,PRINCIPAL,Buenos Aires,INDEFINIDO,2014-07-23,2014,7
31,41,MUJER,PRINCIPAL,Cordoba,ACUCHILLAMIENTO,2014-07-23,2014,7
45,47,MUJER,PRINCIPAL,Salta,GOLPES,2014-07-25,2014,7
382,26,MUJER,PRINCIPAL,Salta,DISPARO DE BALA,2014-07-28,2014,7
115,38,,PRINCIPAL,Entre Rios,ACUCHILLAMIENTO,2014-07-31,2014,7
224,23,MUJER,PRINCIPAL,Mendoza,GOLPES,2014-08-03,2014,8
513,19,MUJER,PRINCIPAL,Misiones,DISPARO DE BALA,2014-08-06,2014,8
300,50,MUJER,PRINCIPAL,Santiago del Estero,ACUCHILLAMIENTO,2014-08-10,2014,8
388,59,MUJER,PRINCIPAL,Mendoza,GOLPES,2014-08-11,2014,8
4,26,MUJER,PRINCIPAL,Santiago del Estero,DISPARO DE BALA,2014-08-13,2014,8
129,44,MUJER,PRINCIPAL,Buenos Aires,ACUCHILLAMIENTO,2014-08-14,2014,8
8,45,MUJER,PRINCIPAL,Mendoza,DISPARO DE BALA,2014-08-14,2014,8
257,21,MUJER,PRINCIPAL,Chaco,ACUCHILLAMIENTO,2014-08-14,2014,8
332,58,MUJER,VINCULADO,Buenos Aires,APUÑALAMIENTO,2014-08-15,2014,8
332,83,MUJER,VINCULADO,Buenos Aires,APUÑALAMIENTO,2014-08-15,2014,8
331,28,MUJER,PRINCIPAL,Buenos Aires,DISPARO DE BALA,2014-08-16,2014,8
211,24,MUJER,PRINCIPAL,Misiones,OTROS,2014-08-17,2014,8
324,27,MUJER,PRINCIPAL,La Pampa,GOLPES,2014-08-19,2014,8
486,3,MUJER,PRINCIPAL,Buenos Aires,GOLPES,2014-08-21,2014,8
247,14,MUJER,PRINCIPAL,Buenos Aires,ESTRANGULAMIENTO,2014-08-21,2014,8
7,16,MUJER,PRINCIPAL,Buenos Aires,ASFIXIA,2014-08-23,2014,8
863,,,PRINCIPAL,Buenos Aires,GOLPES,2014-08-27,2014,8
302,25,MUJER,PRINCIPAL,Buenos Aires,ACUCHILLAMIENTO,2014-09-03,2014,9
9,7,MUJER,VINCULADO,Buenos Aires,ACUCHILLAMIENTO,2014-09-04,2014,9
688,49,HOMBRE,VINCULADO,Cordoba,DISPARO DE BALA,2014-09-04,2014,9
35,32,MUJER,PRINCIPAL,Corrientes,INDEFINIDO,2014-09-06,2014,9
404,43,MUJER,PRINCIPAL,Santa Fe,OTROS,2014-09-06,2014,9
267,18,MUJER,PRINCIPAL,Chaco,ACUCHILLAMIENTO,2014-09-08,2014,9
51,38,MUJER,PRINCIPAL,Salta,GOLPES,2014-09-08,2014,9
20,34,MUJER,PRINCIPAL,Cordoba,ACUCHILLAMIENTO,2014-09-13,2014,9
333,13,MUJER,PRINCIPAL,Corrientes,ESTRANGULAMIENTO,2014-09-17,2014,9
21,36,MUJER,PRINCIPAL,Cordoba,ACUCHILLAMIENTO,2014-09-21,2014,9
40,44,MUJER,VINCULADO,Mendoza,DISPARO DE BALA,2014-09-21,2014,9
40,8,HOMBRE,VINCULADO,Mendoza,DISPARO DE BALA,2014-09-21,2014,9
234,19,MUJER,PRINCIPAL,Rio Negro,GOLPES,2014-09-21,2014,9
6,39,MUJER,PRINCIPAL,Buenos Aires,INDEFINIDO,2014-09-25,2014,9
337,38,MUJER,PRINCIPAL,Buenos Aires,ACUCHILLAMIENTO,2014-09-25,2014,9
36,10,HOMBRE,VINCULADO,Entre Rios,DISPARO DE BALA,2014-09-28,2014,9
49,38,MUJER,PRINCIPAL,Tucuman,INDEFINIDO,2014-09-30,2014,9
44,,MUJER,PRINCIPAL,Salta,INDEFINIDO,2014-10-05,2014,10
322,29,MUJER,PRINCIPAL,Buenos Aires,DISPARO DE BALA,2014-10-09,2014,10
19,33,MUJER,PRINCIPAL,Chaco,ACUCHILLAMIENTO,2014-10-09,2014,10
269,43,MUJER,PRINCIPAL,Chaco,DISPARO DE BALA,2014-10-11,2014,10
973,29,MUJER,PRINCIPAL,Santa Fe,DISPARO DE BALA,2014-10-11,2014,10
270,22,MUJER,PRINCIPAL,Chaco,DISPARO DE BALA,2014-10-13,2014,10
217,24,MUJER,PRINCIPAL,Misiones,ASFIXIA,2014-10-18,2014,10
27,33,MUJER,PRINCIPAL,Cordoba,ACUCHILLAMIENTO,2014-10-20,2014,10
26,,MUJER,PRINCIPAL,Cordoba,INDEFINIDO,2014-10-20,2014,10
38,22,MUJER,PRINCIPAL,Entre Rios,GOLPES,2014-10-24,2014,10
218,14,MUJER,PRINCIPAL,Rio Negro,ESTRANGULAMIENTO,2014-10-24,2014,10
256,48,MUJER,PRINCIPAL,Santa Cruz,ASFIXIA,2014-10-25,2014,10
493,48,MUJER,PRINCIPAL,Buenos Aires,DEGOLLAMIENTO,2014-10-28,2014,10
116,32,MUJER,PRINCIPAL,Entre Rios,GOLPES,2014-11-02,2014,11
237,18,MUJER,PRINCIPAL,Santa Fe,DISPARO DE BALA,2014-11-02,2014,11
120,23,MUJER,PRINCIPAL,Santa Fe,INDEFINIDO,2014-11-04,2014,11
490,36,TRANSGENERO,PRINCIPAL,Buenos Aires,GOLPES,2014-11-06,2014,11
219,23,MUJER,PRINCIPAL,Misiones,DISPARO DE BALA,2014-11-08,2014,11
118,20,MUJER,PRINCIPAL,Salta,ASFIXIA,2014-11-08,2014,11
311,40,MUJER,PRINCIPAL,Buenos Aires,DISPARO DE BALA,2014-11-14,2014,11
151,16,MUJER,PRINCIPAL,Buenos Aires,ASFIXIA,2014-11-16,2014,11
1046,38,MUJER,PRINCIPAL,Tucuman,DISPARO DE BALA,2014-11-16,2014,11
310,47,MUJER,PRINCIPAL,Rio Negro,GOLPES,2014-11-20,2014,11
125,48,MUJER,PRINCIPAL,Chubut,DISPARO DE BALA,2014-11-23,2014,11
126,17,MUJER,VINCULADO,Chubut,DISPARO DE BALA,2014-11-23,2014,11
126,15,HOMBRE,VINCULADO,Chubut,DISPARO DE BALA,2014-11-23,2014,11
491,55,TRANSGENERO,PRINCIPAL,Buenos Aires,ACUCHILLAMIENTO,2014-11-25,2014,11
418,37,MUJER,VINCULADO,Buenos Aires,INDEFINIDO,2014-11-26,2014,11
418,61,MUJER,PRINCIPAL,Buenos Aires,INDEFINIDO,2014-11-26,2014,11
387,39,MUJER,PRINCIPAL,Mendoza,GOLPES,2014-11-28,2014,11
345,64,MUJER,PRINCIPAL,Salta,GOLPES,2014-11-30,2014,11
30,40,MUJER,PRINCIPAL,Cordoba,INDEFINIDO,2014-12-02,2014,12
492,24,TRANSGENERO,PRINCIPAL,Santiago del Estero,ATROPELLAMIENTO,2014-12-03,2014,12
148,35,MUJER,PRINCIPAL,Salta,ACUCHILLAMIENTO,2014-12-04,2014,12
239,34,MUJER,PRINCIPAL,Salta,ACUCHILLAMIENTO,2014-12-04,2014,12
349,22,MUJER,PRINCIPAL,Santa Fe,ESTRANGULAMIENTO,2014-12-06,2014,12
508,19,MUJER,PRINCIPAL,Salta,ACUCHILLAMIENTO,2014-12-07,2014,12
338,40,MUJER,PRINCIPAL,San Luis,ACUCHILLAMIENTO,2014-12-07,2014,12
314,18,MUJER,PRINCIPAL,Buenos Aires,ASFIXIA,2014-12-09,2014,12
22,33,MUJER,PRINCIPAL,Cordoba,ACUCHILLAMIENTO,2014-12-11,2014,12
181,41,MUJER,PRINCIPAL,Santa Fe,QUEMADURAS,2014-12-12,2014,12
336,40,MUJER,PRINCIPAL,Corrientes,DISPARO DE BALA,2014-12-13,2014,12
325,55,MUJER,PRINCIPAL,La Pampa,DISPARO DE BALA,2014-12-14,2014,12
221,44,MUJER,PRINCIPAL,Misiones,ACUCHILLAMIENTO,2014-12-18,2014,12
403,24,MUJER,PRINCIPAL,Buenos Aires,GOLPES,2014-12-20,2014,12
397,25,MUJER,PRINCIPAL,Santa Fe,DISPARO DE BALA,2014-12-22,2014,12
307,31,TRANSGENERO,PRINCIPAL,Salta,GOLPES,2014-12-24,2014,12
141,36,MUJER,PRINCIPAL,Cordoba,ACUCHILLAMIENTO,2014-12-28,2014,12
76,26,MUJER,PRINCIPAL,Rio Negro,INDEFINIDO,2014-12-28,2014,12
222,52,MUJER,PRINCIPAL,Misiones,GOLPES,2014-12-29,2014,12
272,25,MUJER,PRINCIPAL,Chaco,ASFIXIA,2015-01-01,2015,1
162,36,MUJER,PRINCIPAL,Santa Fe,INDEFINIDO,2015-01-05,2015,1
15,21,MUJER,PRINCIPAL,Buenos Aires,GOLPES,2015-01-06,2015,1
226,40,MUJER,PRINCIPAL,Misiones,GOLPES,2015-01-06,2015,1
13,18,MUJER,PRINCIPAL,Buenos Aires,GOLPES,2015-01-09,2015,1
12,19,MUJER,PRINCIPAL,Buenos Aires,ACUCHILLAMIENTO,2015-01-12,2015,1
315,31,MUJER,PRINCIPAL,Misiones,QUEMADURAS,2015-01-13,2015,1
34,31,MUJER,PRINCIPAL,Cordoba,INDEFINIDO,2015-01-15,2015,1
165,29,MUJER,PRINCIPAL,Buenos Aires,ESTRANGULAMIENTO,2015-01-17,2015,1
381,29,MUJER,PRINCIPAL,Corrientes,DISPARO DE BALA,2015-01-18,2015,1
235,63,MUJER,PRINCIPAL,Salta,ACUCHILLAMIENTO,2015-01-20,2015,1
164,23,MUJER,PRINCIPAL,Santa Fe,ACUCHILLAMIENTO,2015-01-21,2015,1
640,60,MUJER,PRINCIPAL,Salta,GOLPES,2015-01-25,2015,1
240,20,MUJER,PRINCIPAL,Santa Cruz,ACUCHILLAMIENTO,2015-01-25,2015,1
293,18,MUJER,PRINCIPAL,Santiago del Estero,ACUCHILLAMIENTO,2015-01-25,2015,1
29,34,MUJER,PRINCIPAL,Cordoba,INDEFINIDO,2015-01-28,2015,1
476,2,MUJER,VINCULADO,Misiones,GOLPES,2015-01-29,2015,1
140,34,MUJER,PRINCIPAL,Buenos Aires,ACUCHILLAMIENTO,2015-01-30,2015,1
720,21,MUJER,PRINCIPAL,Jujuy,AHORCAMIENTO,2015-02-01,2015,2
28,24,MUJER,PRINCIPAL,Santa Fe,DISPARO DE BALA,2015-02-01,2015,2
142,51,MUJER,PRINCIPAL,Cordoba,ASFIXIA,2015-02-03,2015,2
997,21,MUJER,PRINCIPAL,Jujuy,ESTRANGULAMIENTO,2015-02-03,2015,2
313,46,MUJER,PRINCIPAL,Entre Rios,DISPARO DE BALA,2015-02-07,2015,2
1033,30,MUJER,PRINCIPAL,Formosa,GOLPES,2015-02-09,2015,2
386,57,MUJER,PRINCIPAL,Mendoza,DISPARO DE BALA,2015-02-13,2015,2
163,18,MUJER,PRINCIPAL,Santa Fe,ESTRANGULAMIENTO,2015-02-13,2015,2
597,18,MUJER,PRINCIPAL,La Rioja,DISPARO DE BALA,2015-02-14,2015,2
14,,MUJER,PRINCIPAL,Buenos Aires,ACUCHILLAMIENTO,2015-02-23,2015,2
84,22,MUJER,PRINCIPAL,Buenos Aires,QUEMADURAS,2015-02-23,2015,2
47,58,MUJER,PRINCIPAL,Santa Fe,APUÑALAMIENTO,2015-02-23,2015,2
18,44,MUJER,PRINCIPAL,Buenos Aires,INDEFINIDO,2015-02-24,2015,2
17,19,MUJER,VINCULADO,Buenos Aires,INDEFINIDO,2015-02-24,2015,2
169,27,MUJER,PRINCIPAL,Buenos Aires,ACUCHILLAMIENTO,2015-03-01,2015,3
716,33,TRANSGENERO,PRINCIPAL,Mendoza,ACUCHILLAMIENTO,2015-03-01,2015,3
615,34,MUJER,PRINCIPAL,Cordoba,ASFIXIA,2015-03-04,2015,3
143,35,MUJER,PRINCIPAL,Cordoba,ESTRANGULAMIENTO,2015-03-11,2015,3
453,47,MUJER,PRINCIPAL,Entre Rios,QUEMADURAS,2015-03-12,2015,3
94,19,MUJER,PRINCIPAL,Buenos Aires,ASFIXIA,2015-03-14,2015,3
539,20,MUJER,PRINCIPAL,Buenos Aires,ASFIXIA,2015-03-14,2015,3
168,44,MUJER,PRINCIPAL,Corrientes,ACUCHILLAMIENTO,2015-03-15,2015,3
91,26,MUJER,PRINCIPAL,Buenos Aires,INDEFINIDO,2015-03-16,2015,3
887,44,MUJER,PRINCIPAL,Corrientes,GOLPES,2015-03-16,2015,3
317,17,MUJER,PRINCIPAL,Corrientes,INDEFINIDO,2015-03-18,2015,3
451,40,MUJER,PRINCIPAL,Entre Rios,ACUCHILLAMIENTO,2015-03-18,2015,3
10,26,MUJER,PRINCIPAL,Buenos Aires,ASFIXIA,2015-03-20,2015,3
619,38,MUJER,PRINCIPAL,Chubut,AHORCAMIENTO,2015-03-23,2015,3
227,48,MUJER,PRINCIPAL,Misiones,ACUCHILLAMIENTO,2015-03-23,2015,3
598,64,MUJER,PRINCIPAL,Buenos Aires,DEGOLLAMIENTO,2015-03-27,2015,3
457,15,,VINCULADO,Buenos Aires,ASFIXIA,2015-03-27,2015,3
623,21,MUJER,PRINCIPAL,Cordoba,INDEFINIDO,2015-03-27,2015,3
271,22,MUJER,PRINCIPAL,San Luis,DISPARO DE BALA,2015-03-29,2015,3
146,43,MUJER,PRINCIPAL,Cordoba,ACUCHILLAMIENTO,2015-03-30,2015,3
274,40,MUJER,PRINCIPAL,Chaco,ACUCHILLAMIENTO,2015-04-01,2015,4
161,23,MUJER,PRINCIPAL,Neuquen,DESBARRANCAMIENTO,2015-04-04,2015,4
228,16,MUJER,PRINCIPAL,Misiones,ACUCHILLAMIENTO,2015-04-07,2015,4
277,29,MUJER,PRINCIPAL,Buenos Aires,DISPARO DE BALA,2015-04-08,2015,4
150,26,MUJER,PRINCIPAL,Buenos Aires,ACUCHILLAMIENTO,2015-04-09,2015,4
179,22,MUJER,PRINCIPAL,Corrientes,GOLPES,2015-04-09,2015,4
147,50,MUJER,PRINCIPAL,Cordoba,DISPARO DE BALA,2015-04-10,2015,4
170,26,MUJER,PRINCIPAL,Rio Negro,INDEFINIDO,2015-04-10,2015,4
59,30,MUJER,PRINCIPAL,Buenos Aires,QUEMADURAS,2015-04-11,2015,4
241,23,MUJER,PRINCIPAL,Mendoza,ACUCHILLAMIENTO,2015-04-13,2015,4
58,27,MUJER,PRINCIPAL,Buenos Aires,DISPARO DE BALA,2015-04-14,2015,4
348,38,MUJER,PRINCIPAL,Santa Fe,DISPARO DE BALA,2015-04-14,2015,4
160,32,MUJER,PRINCIPAL,Buenos Aires,DISPARO DE BALA,2015-04-15,2015,4
347,55,MUJER,PRINCIPAL,Santa Fe,DISPARO DE BALA,2015-04-16,2015,4
613,25,MUJER,PRINCIPAL,Jujuy,ASFIXIA,2015-04-18,2015,4
452,7,,VINCULADO,Entre Rios,OTROS,2015-04-20,2015,4
308,16,MUJER,PRINCIPAL,Buenos Aires,DISPARO DE BALA,2015-04-21,2015,4
275,71,MUJER,PRINCIPAL,Chaco,GOLPES,2015-04-22,2015,4
229,12,MUJER,PRINCIPAL,Misiones,ESTRANGULAMIENTO,2015-04-22,2015,4
529,44,MUJER,PRINCIPAL,Buenos Aires,DISPARO DE BALA,2015-04-29,2015,4
171,32,MUJER,PRINCIPAL,Chaco,GOLPES,2015-05-01,2015,5
128,49,MUJER,PRINCIPAL,Buenos Aires,ACUCHILLAMIENTO,2015-05-02,2015,5
152,24,MUJER,PRINCIPAL,Buenos Aires,ESTRANGULAMIENTO,2015-05-04,2015,5
62,14,MUJER,PRINCIPAL,Santa Fe,DEGOLLAMIENTO,2015-05-10,2015,5
268,74,MUJER,PRINCIPAL,Buenos Aires,DISPARO DE BALA,2015-05-12,2015,5
246,56,MUJER,PRINCIPAL,Mendoza,ACUCHILLAMIENTO,2015-05-15,2015,5
996,51,MUJER,PRINCIPAL,Jujuy,GOLPES,2015-05-19,2015,5
456,15,MUJER,PRINCIPAL,Buenos Aires,DISPARO DE BALA,2015-05-21,2015,5
105,51,MUJER,PRINCIPAL,Cordoba,ACUCHILLAMIENTO,2015-05-21,2015,5
108,16,MUJER,PRINCIPAL,Corrientes,ASFIXIA,2015-05-21,2015,5
89,18,MUJER,PRINCIPAL,Buenos Aires,GOLPES,2015-05-23,2015,5
184,23,MUJER,PRINCIPAL,Buenos Aires,OTROS,2015-05-25,2015,5
394,22,MUJER,PRINCIPAL,Buenos Aires,QUEMADURAS,2015-05-28,2015,5
90,43,MUJER,PRINCIPAL,Buenos Aires,OTROS,2015-05-29,2015,5
154,53,MUJER,PRINCIPAL,Jujuy,INDEFINIDO,2015-05-29,2015,5
396,28,MUJER,PRINCIPAL,Buenos Aires,DISPARO DE BALA,2015-06-01,2015,6
487,60,MUJER,PRINCIPAL,Chubut,DISPARO DE BALA,2015-06-03,2015,6
304,16,MUJER,VINCULADO,Corrientes,INDEFINIDO,2015-06-03,2015,6
121,39,TRANSGENERO,PRINCIPAL,Buenos Aires,DISPARO DE BALA,2015-06-05,2015,6
67,42,MUJER,PRINCIPAL,Santiago del Estero,DISPARO DE BALA,2015-06-06,2015,6
130,,MUJER,PRINCIPAL,Formosa,QUEMADURAS,2015-06-07,2015,6
220,1,MUJER,PRINCIPAL,Buenos Aires,GOLPES,2015-06-10,2015,6
209,23,MUJER,PRINCIPAL,Santiago del Estero,ACUCHILLAMIENTO,2015-06-12,2015,6
279,17,MUJER,PRINCIPAL,Chaco,GOLPES,2015-06-17,2015,6
276,39,MUJER,PRINCIPAL,Corrientes,ACUCHILLAMIENTO,2015-06-18,2015,6
188,25,MUJER,PRINCIPAL,Buenos Aires,OTROS,2015-06-19,2015,6
109,20,MUJER,PRINCIPAL,Buenos Aires,GOLPES,2015-06-27,2015,6
123,17,MUJER,PRINCIPAL,Buenos Aires,ACUCHILLAMIENTO,2015-07-01,2015,7
127,22,MUJER,PRINCIPAL,Salta,GOLPES,2015-07-02,2015,7
174,21,MUJER,PRINCIPAL,Salta,QUEMADURAS,2015-07-06,2015,7
145,40,MUJER,PRINCIPAL,Buenos Aires,ACUCHILLAMIENTO,2015-07-08,2015,7
157,49,MUJER,PRINCIPAL,La Pampa,DISPARO DE BALA,2015-07-12,2015,7
157,55,HOMBRE,VINCULADO,La Pampa,DISPARO DE BALA,2015-07-12,2015,7
172,31,MUJER,PRINCIPAL,Santiago del Estero,ACUCHILLAMIENTO,2015-07-13,2015,7
481,81,MUJER,PRINCIPAL,Buenos Aires,GOLPES,2015-07-15,2015,7
393,16,MUJER,PRINCIPAL,Buenos Aires,DISPARO DE BALA,2015-07-18,2015,7
475,22,MUJER,PRINCIPAL,Buenos Aires,ACUCHILLAMIENTO,2015-07-19,2015,7
190,13,MUJER,PRINCIPAL,Jujuy,INDEFINIDO,2015-07-19,2015,7
734,24,MUJER,PRINCIPAL,Mendoza,INDEFINIDO,2015-07-19,2015,7
186,20,MUJER,PRINCIPAL,Buenos Aires,DISPARO DE BALA,2015-07-24,2015,7
187,34,TRANSGENERO,PRINCIPAL,Cordoba,ASFIXIA,2015-07-25,2015,7
913,,MUJER,PRINCIPAL,Santa Fe,GOLPES,2015-07-25,2015,7
191,34,MUJER,PRINCIPAL,Santiago del Estero,ACUCHILLAMIENTO,2015-07-26,2015,7
198,47,MUJER,PRINCIPAL,Buenos Aires,DISPARO DE BALA,2015-07-27,2015,7
231,30,MUJER,PRINCIPAL,San Luis,GOLPES,2015-07-29,2015,7
193,23,MUJER,PRINCIPAL,Buenos Aires,ACUCHILLAMIENTO,2015-07-30,2015,7
445,52,MUJER,PRINCIPAL,Buenos Aires,GOLPES,2015-07-31,2015,7
479,38,MUJER,PRINCIPAL,Buenos Aires,QUEMADURAS,2015-08-02,2015,8
248,16,MUJER,PRINCIPAL,Salta,ASFIXIA,2015-08-03,2015,8
402,7,HOMBRE,VINCULADO,Cordoba,ACUCHILLAMIENTO,2015-08-04,2015,8
402,4,HOMBRE,VINCULADO,Cordoba,ACUCHILLAMIENTO,2015-08-04,2015,8
482,24,MUJER,PRINCIPAL,Buenos Aires,GOLPES,2015-08-13,2015,8
409,52,MUJER,PRINCIPAL,Buenos Aires,ESTRANGULAMIENTO,2015-08-15,2015,8
449,16,MUJER,PRINCIPAL,Misiones,ACUCHILLAMIENTO,2015-08-16,2015,8
480,42,MUJER,PRINCIPAL,Buenos Aires,GOLPES,2015-08-19,2015,8
502,44,MUJER,PRINCIPAL,Buenos Aires,ACUCHILLAMIENTO,2015-08-21,2015,8
448,33,MUJER,PRINCIPAL,Buenos Aires,OTROS,2015-08-22,2015,8
478,73,MUJER,PRINCIPAL,Buenos Aires,INDEFINIDO,2015-08-24,2015,8
444,39,MUJER,PRINCIPAL,Buenos Aires,ACUCHILLAMIENTO,2015-08-24,2015,8
447,25,MUJER,PRINCIPAL,Cordoba,GOLPES,2015-08-24,2015,8
446,35,MUJER,PRINCIPAL,Buenos Aires,DISPARO DE BALA,2015-08-25,2015,8
446,35,MUJER,VINCULADO,Buenos Aires,DISPARO DE BALA,2015-08-25,2015,8
442,17,MUJER,PRINCIPAL,Entre Rios,INDEFINIDO,2015-08-25,2015,8
473,46,MUJER,PRINCIPAL,Corrientes,GOLPES,2015-08-27,2015,8
569,49,MUJER,PRINCIPAL,Neuquen,QUEMADURAS,2015-08-27,2015,8
450,51,MUJER,PRINCIPAL,Buenos Aires,DISPARO DE BALA,2015-08-31,2015,8
454,50,MUJER,PRINCIPAL,Entre Rios,GOLPES,2015-08-31,2015,8
533,41,MUJER,PRINCIPAL,Buenos Aires,QUEMADURAS,2015-09-05,2015,9
484,36,MUJER,PRINCIPAL,Neuquen,DISPARO DE BALA,2015-09-12,2015,9
483,24,MUJER,PRINCIPAL,Santa Fe,DISPARO DE BALA,2015-09-12,2015,9
494,25,MUJER,PRINCIPAL,Buenos Aires,GOLPES,2015-09-18,2015,9
527,17,MUJER,PRINCIPAL,Buenos Aires,QUEMADURAS,2015-09-18,2015,9
495,27,MUJER,PRINCIPAL,Mendoza,GOLPES,2015-09-20,2015,9
503,53,MUJER,PRINCIPAL,Salta,ACUCHILLAMIENTO,2015-09-20,2015,9
192,20,MUJER,PRINCIPAL,Neuquen,DISPARO DE BALA,2015-09-21,2015,9
523,59,TRANSGENERO,PRINCIPAL,Santa Fe,ACUCHILLAMIENTO,2015-09-25,2015,9
507,44,MUJER,PRINCIPAL,Buenos Aires,APUÑALAMIENTO,2015-10-06,2015,10
506,17,MUJER,PRINCIPAL,Buenos Aires,DISPARO DE BALA,2015-10-07,2015,10
516,47,MUJER,PRINCIPAL,Rio Negro,ESTRANGULAMIENTO,2015-10-07,2015,10
524,47,MUJER,PRINCIPAL,Buenos Aires,DEGOLLAMIENTO,2015-10-08,2015,10
518,23,MUJER,PRINCIPAL,Salta,INDEFINIDO,2015-10-09,2015,10
519,38,MUJER,PRINCIPAL,Buenos Aires,ACUCHILLAMIENTO,2015-10-10,2015,10
525,35,MUJER,PRINCIPAL,Buenos Aires,APUÑALAMIENTO,2015-10-11,2015,10
521,42,TRANSGENERO,PRINCIPAL,Buenos Aires,ACUCHILLAMIENTO,2015-10-11,2015,10
520,23,MUJER,PRINCIPAL,Buenos Aires,GOLPES,2015-10-12,2015,10
534,25,MUJER,PRINCIPAL,Buenos Aires,INDEFINIDO,2015-10-18,2015,10
532,33,MUJER,PRINCIPAL,Buenos Aires,DISPARO DE BALA,2015-10-19,2015,10
48,36,MUJER,PRINCIPAL,Misiones,ESTRANGULAMIENTO,2015-10-21,2015,10
536,27,MUJER,PRINCIPAL,Buenos Aires,ESTRANGULAMIENTO,2015-10-22,2015,10
535,51,MUJER,PRINCIPAL,Buenos Aires,DISPARO DE BALA,2015-10-22,2015,10
537,26,MUJER,PRINCIPAL,Cordoba,APUÑALAMIENTO,2015-10-23,2015,10
538,55,MUJER,PRINCIPAL,Buenos Aires,ACUCHILLAMIENTO,2015-10-28,2015,10
55,42,MUJER,PRINCIPAL,Mendoza,APUÑALAMIENTO,2015-10-30,2015,10
573,32,MUJER,PRINCIPAL,Santa Fe,GOLPES,2015-11-04,2015,11
785,29,MUJER,PRINCIPAL,Buenos Aires,GOLPES,2015-11-06,2015,11
871,,HOMBRE,VINCULADO,Rio Negro,ACUCHILLAMIENTO,2015-11-07,2015,11
24,17,MUJER,PRINCIPAL,Santa Cruz,ESTRANGULAMIENTO,2015-11-08,2015,11
72,23,MUJER,PRINCIPAL,Buenos Aires,DISPARO DE BALA,2015-11-11,2015,11
1,56,MUJER,PRINCIPAL,Salta,GOLPES,2015-11-13,2015,11
1030,36,MUJER,PRINCIPAL,Buenos Aires,ACUCHILLAMIENTO,2015-11-15,2015,11
166,17,MUJER,PRINCIPAL,Santa Fe,GOLPES,2015-11-15,2015,11
77,23,MUJER,PRINCIPAL,Buenos Aires,ACUCHILLAMIENTO,2015-11-16,2015,11
77,3,HOMBRE,VINCULADO,Buenos Aires,ACUCHILLAMIENTO,2015-11-16,2015,11
427,40,MUJER,PRINCIPAL,Buenos Aires,DEGOLLAMIENTO,2015-11-19,2015,11
56,23,MUJER,PRINCIPAL,Buenos Aires,DEGOLLAMIENTO,2015-11-20,2015,11
559,19,MUJER,PRINCIPAL,Chaco,ACUCHILLAMIENTO,2015-11-22,2015,11
892,23,MUJER,PRINCIPAL,Buenos Aires,ACUCHILLAMIENTO,2015-11-23,2015,11
557,35,MUJER,PRINCIPAL,Chaco,DISPARO DE BALA,2015-11-23,2015,11
547,25,MUJER,PRINCIPAL,Salta,DISPARO DE BALA,2015-11-24,2015,11
548,46,MUJER,PRINCIPAL,Salta,ASFIXIA,2015-12-01,2015,12
541,18,MUJER,PRINCIPAL,Buenos Aires,APUÑALAMIENTO,2015-12-02,2015,12
540,3,MUJER,PRINCIPAL,Jujuy,ESTRANGULAMIENTO,2015-12-02,2015,12
542,16,MUJER,PRINCIPAL,Chaco,GOLPES,2015-12-06,2015,12
544,22,MUJER,PRINCIPAL,Cordoba,GOLPES,2015-12-06,2015,12
577,73,MUJER,PRINCIPAL,Buenos Aires,ACUCHILLAMIENTO,2015-12-10,2015,12
595,45,MUJER,PRINCIPAL,Santiago del Estero,APUÑALAMIENTO,2015-12-10,2015,12
553,40,MUJER,PRINCIPAL,Buenos Aires,APUÑALAMIENTO,2015-12-11,2015,12
545,45,MUJER,PRINCIPAL,Cordoba,GOLPES,2015-12-13,2015,12
911,50,MUJER,PRINCIPAL,Buenos Aires,ACUCHILLAMIENTO,2015-12-14,2015,12
546,50,MUJER,PRINCIPAL,Buenos Aires,ACUCHILLAMIENTO,2015-12-15,2015,12
556,20,MUJER,PRINCIPAL,Santa Fe,DISPARO DE BALA,2015-12-15,2015,12
656,71,MUJER,PRINCIPAL,Mendoza,GOLPES,2015-12-17,2015,12
576,48,MUJER,PRINCIPAL,Buenos Aires,DISPARO DE BALA,2015-12-18,2015,12
570,23,MUJER,PRINCIPAL,Buenos Aires,GOLPES,2015-12-20,2015,12
555,20,MUJER,PRINCIPAL,Entre Rios,DESCUARTIZAMIENTO,2015-12-22,2015,12
571,58,MUJER,PRINCIPAL,Santiago del Estero,APUÑALAMIENTO,2015-12-23,2015,12
549,62,MUJER,PRINCIPAL,Buenos Aires,APUÑALAMIENTO,2015-12-24,2015,12
993,23,MUJER,PRINCIPAL,Buenos Aires,GOLPES,2015-12-25,2015,12
550,38,MUJER,PRINCIPAL,Buenos Aires,GOLPES,2015-12-27,2015,12
670,26,MUJER,PRINCIPAL,Buenos Aires,OTROS,2015-12-31,2015,12
552,22,MUJER,PRINCIPAL,Salta,AHORCAMIENTO,2016-01-04,2016,1
551,54,MUJER,PRINCIPAL,Santa Fe,ACUCHILLAMIENTO,2016-01-04,2016,1
560,19,MUJER,PRINCIPAL,Corrientes,ESTRANGULAMIENTO,2016-01-13,2016,1
558,49,MUJER,PRINCIPAL,Santa Fe,DISPARO DE BALA,2016-01-13,2016,1
561,28,MUJER,PRINCIPAL,Buenos Aires,ACUCHILLAMIENTO,2016-01-15,2016,1
567,16,MUJER,PRINCIPAL,Cordoba,DISPARO DE BALA,2016-01-16,2016,1
562,40,TRANSGENERO,PRINCIPAL,Rio Negro,DISPARO DE BALA,2016-01-17,2016,1
565,46,MUJER,PRINCIPAL,Cordoba,QUEMADURAS,2016-01-22,2016,1
564,37,MUJER,PRINCIPAL,Cordoba,GOLPES,2016-01-22,2016,1
566,31,MUJER,PRINCIPAL,Salta,APUÑALAMIENTO,2016-01-23,2016,1
1025,30,MUJER,PRINCIPAL,Chubut,AHORCAMIENTO,2016-01-24,2016,1
594,27,MUJER,PRINCIPAL,Neuquen,DISPARO DE BALA,2016-01-24,2016,1
582,3,MUJER,PRINCIPAL,Buenos Aires,GOLPES,2016-01-30,2016,1
605,32,MUJER,PRINCIPAL,San Luis,DISPARO DE BALA,2016-01-30,2016,1
606,23,MUJER,PRINCIPAL,Buenos Aires,DISPARO DE BALA,2016-02-02,2016,2
574,18,MUJER,PRINCIPAL,Buenos Aires,DEGOLLAMIENTO,2016-02-04,2016,2
581,29,MUJER,PRINCIPAL,Santa Fe,ASFIXIA,2016-02-06,2016,2
588,21,MUJER,PRINCIPAL,Entre Rios,APUÑALAMIENTO,2016-02-07,2016,2
578,36,MUJER,PRINCIPAL,Mendoza,APUÑALAMIENTO,2016-02-07,2016,2
589,13,MUJER,PRINCIPAL,Mendoza,ASFIXIA,2016-02-07,2016,2
579,35,MUJER,PRINCIPAL,Santa Fe,APUÑALAMIENTO,2016-02-07,2016,2
580,27,MUJER,PRINCIPAL,Buenos Aires,APUÑALAMIENTO,2016-02-08,2016,2
586,20,MUJER,PRINCIPAL,Buenos Aires,APUÑALAMIENTO,2016-02-09,2016,2
584,38,MUJER,PRINCIPAL,Chaco,APUÑALAMIENTO,2016-02-10,2016,2
585,31,HOMBRE,VINCULADO,Entre Rios,APUÑALAMIENTO,2016-02-10,2016,2
591,39,MUJER,PRINCIPAL,Buenos Aires,ESTRANGULAMIENTO,2016-02-13,2016,2
593,28,MUJER,VINCULADO,Misiones,DISPARO DE BALA,2016-02-13,2016,2
590,50,MUJER,PRINCIPAL,Formosa,APUÑALAMIENTO,2016-02-15,2016,2
592,25,MUJER,PRINCIPAL,Mendoza,GOLPES,2016-02-15,2016,2
596,33,MUJER,PRINCIPAL,Mendoza,DISPARO DE BALA,2016-02-17,2016,2
599,28,MUJER,PRINCIPAL,Buenos Aires,ACUCHILLAMIENTO,2016-02-21,2016,2
602,34,TRANSGENERO,PRINCIPAL,Buenos Aires,GOLPES,2016-02-23,2016,2
600,64,MUJER,PRINCIPAL,San Juan,GOLPES,2016-02-23,2016,2
604,40,MUJER,PRINCIPAL,Buenos Aires,DISPARO DE BALA,2016-02-26,2016,2
603,,TRANSGENERO,PRINCIPAL,Buenos Aires,DISPARO DE BALA,2016-02-28,2016,2
607,34,MUJER,PRINCIPAL,Buenos Aires,APUÑALAMIENTO,2016-03-07,2016,3
608,17,MUJER,PRINCIPAL,Buenos Aires,APUÑALAMIENTO,2016-03-11,2016,3
610,45,MUJER,PRINCIPAL,San Juan,GOLPES,2016-03-11,2016,3
614,43,MUJER,PRINCIPAL,Buenos Aires,ACUCHILLAMIENTO,2016-03-13,2016,3
609,26,MUJER,PRINCIPAL,Cordoba,DISPARO DE BALA,2016-03-13,2016,3
612,28,MUJER,PRINCIPAL,Santiago del Estero,INDEFINIDO,2016-03-13,2016,3
611,26,MUJER,PRINCIPAL,Buenos Aires,APUÑALAMIENTO,2016-03-14,2016,3
618,11,MUJER,VINCULADO,Buenos Aires,GOLPES,2016-03-17,2016,3
618,32,MUJER,PRINCIPAL,Buenos Aires,GOLPES,2016-03-17,2016,3
617,29,MUJER,PRINCIPAL,Rio Negro,GOLPES,2016-03-17,2016,3
658,16,MUJER,PRINCIPAL,Salta,GOLPES,2016-03-18,2016,3
616,26,MUJER,PRINCIPAL,Misiones,GOLPES,2016-03-20,2016,3
827,26,MUJER,PRINCIPAL,Buenos Aires,GOLPES,2016-03-21,2016,3
634,32,MUJER,PRINCIPAL,Salta,DISPARO DE BALA,2016-03-21,2016,3
624,28,MUJER,PRINCIPAL,Rio Negro,ACUCHILLAMIENTO,2016-03-23,2016,3
620,27,MUJER,PRINCIPAL,Rio Negro,GOLPES,2016-03-27,2016,3
622,25,MUJER,PRINCIPAL,Santa Fe,DISPARO DE BALA,2016-03-28,2016,3
621,42,MUJER,PRINCIPAL,Buenos Aires,ACUCHILLAMIENTO,2016-03-29,2016,3
626,22,MUJER,PRINCIPAL,Buenos Aires,DISPARO DE BALA,2016-03-30,2016,3
625,44,MUJER,PRINCIPAL,Cordoba,APUÑALAMIENTO,2016-03-31,2016,3
627,30,MUJER,PRINCIPAL,Buenos Aires,DISPARO DE BALA,2016-04-01,2016,4
714,29,TRANSGENERO,PRINCIPAL,Formosa,QUEMADURAS,2016-04-01,2016,4
659,25,MUJER,PRINCIPAL,Salta,DISPARO DE BALA,2016-04-02,2016,4
628,27,MUJER,PRINCIPAL,La Rioja,APUÑALAMIENTO,2016-04-04,2016,4
629,32,HOMBRE,VINCULADO,Santiago del Estero,DISPARO DE BALA,2016-04-06,2016,4
629,36,MUJER,PRINCIPAL,Santiago del Estero,DISPARO DE BALA,2016-04-06,2016,4
629,25,MUJER,VINCULADO,Santiago del Estero,DISPARO DE BALA,2016-04-06,2016,4
630,27,MUJER,PRINCIPAL,Buenos Aires,GOLPES,2016-04-07,2016,4
631,53,MUJER,PRINCIPAL,Santa Fe,GOLPES,2016-04-11,2016,4
657,8,MUJER,PRINCIPAL,Mendoza,QUEMADURAS,2016-04-12,2016,4
647,21,MUJER,PRINCIPAL,Salta,GOLPES,2016-04-18,2016,4
649,18,MUJER,PRINCIPAL,Entre Rios,ESTRANGULAMIENTO,2016-04-22,2016,4
653,13,MUJER,PRINCIPAL,Buenos Aires,GOLPES,2016-04-23,2016,4
642,52,MUJER,PRINCIPAL,Mendoza,GOLPES,2016-04-23,2016,4
633,44,MUJER,PRINCIPAL,Catamarca,ACUCHILLAMIENTO,2016-04-24,2016,4
635,22,MUJER,PRINCIPAL,Santa Cruz,ESTRANGULAMIENTO,2016-04-24,2016,4
637,48,MUJER,PRINCIPAL,Santa Fe,DISPARO DE BALA,2016-04-24,2016,4
639,24,MUJER,PRINCIPAL,Buenos Aires,GOLPES,2016-04-26,2016,4
641,25,MUJER,PRINCIPAL,Buenos Aires,DISPARO DE BALA,2016-04-26,2016,4
638,43,MUJER,PRINCIPAL,Cordoba,APUÑALAMIENTO,2016-04-27,2016,4
643,19,MUJER,PRINCIPAL,Cordoba,GOLPES,2016-04-28,2016,4
644,62,MUJER,PRINCIPAL,Entre Rios,INDEFINIDO,2016-04-28,2016,4
645,44,MUJER,PRINCIPAL,Cordoba,INDEFINIDO,2016-05-03,2016,5
648,26,MUJER,PRINCIPAL,Buenos Aires,ESTRANGULAMIENTO,2016-05-06,2016,5
648,14,MUJER,PRINCIPAL,Buenos Aires,ESTRANGULAMIENTO,2016-05-06,2016,5
646,30,MUJER,PRINCIPAL,Cordoba,DISPARO DE BALA,2016-05-06,2016,5
650,21,MUJER,PRINCIPAL,Santa Fe,GOLPES,2016-05-14,2016,5
651,25,MUJER,PRINCIPAL,Chubut,GOLPES,2016-05-17,2016,5
876,24,HOMBRE,VINCULADO,Cordoba,ACUCHILLAMIENTO,2016-05-24,2016,5
652,12,MUJER,PRINCIPAL,Santa Fe,ESTRANGULAMIENTO,2016-05-25,2016,5
654,12,MUJER,PRINCIPAL,Tucuman,ESTRANGULAMIENTO,2016-05-28,2016,5
655,35,TRANSGENERO,PRINCIPAL,Mendoza,GOLPES,2016-06-05,2016,6
660,41,MUJER,PRINCIPAL,Buenos Aires,DEGOLLAMIENTO,2016-06-07,2016,6
661,24,MUJER,PRINCIPAL,Buenos Aires,DISPARO DE BALA,2016-06-08,2016,6
678,20,MUJER,PRINCIPAL,Misiones,ASFIXIA,2016-06-13,2016,6
666,17,MUJER,PRINCIPAL,San Juan,ESTRANGULAMIENTO,2016-06-16,2016,6
662,36,MUJER,PRINCIPAL,Santiago del Estero,AHORCAMIENTO,2016-06-16,2016,6
663,56,MUJER,PRINCIPAL,Chaco,QUEMADURAS,2016-06-20,2016,6
665,26,MUJER,PRINCIPAL,Cordoba,ESTRANGULAMIENTO,2016-06-22,2016,6
664,58,MUJER,PRINCIPAL,Santa Fe,DISPARO DE BALA,2016-06-22,2016,6
715,53,TRANSGENERO,PRINCIPAL,Buenos Aires,ACUCHILLAMIENTO,2016-06-23,2016,6
673,42,MUJER,PRINCIPAL,Santa Fe,DEGOLLAMIENTO,2016-06-23,2016,6
668,26,MUJER,PRINCIPAL,Formosa,GOLPES,2016-06-26,2016,6
667,25,MUJER,PRINCIPAL,Tierra del Fuego,DESCUARTIZAMIENTO,2016-07-03,2016,7
669,21,MUJER,PRINCIPAL,Salta,ACUCHILLAMIENTO,2016-07-04,2016,7
671,35,MUJER,PRINCIPAL,Mendoza,DISPARO DE BALA,2016-07-05,2016,7
674,38,MUJER,PRINCIPAL,Buenos Aires,APUÑALAMIENTO,2016-07-06,2016,7
679,29,MUJER,PRINCIPAL,Buenos Aires,DISPARO DE BALA,2016-07-06,2016,7
687,43,MUJER,PRINCIPAL,Neuquen,ACUCHILLAMIENTO,2016-07-06,2016,7
675,50,MUJER,PRINCIPAL,Cordoba,DISPARO DE BALA,2016-07-07,2016,7
676,17,MUJER,PRINCIPAL,Cordoba,DISPARO DE BALA,2016-07-10,2016,7
677,53,MUJER,PRINCIPAL,Misiones,ESTRANGULAMIENTO,2016-07-11,2016,7
680,27,MUJER,PRINCIPAL,Buenos Aires,DISPARO DE BALA,2016-07-12,2016,7
681,,MUJER,PRINCIPAL,Buenos Aires,QUEMADURAS,2016-07-12,2016,7
685,29,MUJER,PRINCIPAL,Jujuy,GOLPES,2016-07-14,2016,7
1237,35,MUJER,PRINCIPAL,Tucuman,ESTRANGULAMIENTO,2016-07-16,2016,7
683,,MUJER,PRINCIPAL,Buenos Aires,OTROS,2016-07-19,2016,7
703,42,MUJER,PRINCIPAL,Buenos Aires,DISPARO DE BALA,2016-07-20,2016,7
686,20,MUJER,PRINCIPAL,Jujuy,AHORCAMIENTO,2016-07-23,2016,7
684,37,MUJER,PRINCIPAL,Santa Fe,ACUCHILLAMIENTO,2016-07-23,2016,7
689,31,MUJER,PRINCIPAL,Cordoba,DISPARO DE BALA,2016-07-25,2016,7
690,25,MUJER,PRINCIPAL,Santa Fe,GOLPES,2016-07-28,2016,7
692,18,MUJER,PRINCIPAL,Buenos Aires,ASFIXIA,2016-07-29,2016,7
691,17,MUJER,PRINCIPAL,Santa Fe,DISPARO DE BALA,2016-07-31,2016,7
702,0,MUJER,VINCULADO,Cordoba,GOLPES,2016-08-06,2016,8
696,18,MUJER,PRINCIPAL,Tucuman,AHORCAMIENTO,2016-08-07,2016,8
694,53,MUJER,PRINCIPAL,Buenos Aires,DISPARO DE BALA,2016-08-08,2016,8
704,36,MUJER,PRINCIPAL,Buenos Aires,GOLPES,2016-08-09,2016,8
1202,39,MUJER,PRINCIPAL,Buenos Aires,APUÑALAMIENTO,2016-08-10,2016,8
701,43,MUJER,PRINCIPAL,Buenos Aires,DISPARO DE BALA,2016-08-13,2016,8
698,23,MUJER,PRINCIPAL,Buenos Aires,DISPARO DE BALA,2016-08-14,2016,8
700,63,MUJER,PRINCIPAL,Buenos Aires,GOLPES,2016-08-14,2016,8
699,21,MUJER,PRINCIPAL,Chaco,OTROS,2016-08-14,2016,8
706,17,MUJER,PRINCIPAL,Santa Fe,INDEFINIDO,2016-08-16,2016,8
705,37,MUJER,PRINCIPAL,Corrientes,ACUCHILLAMIENTO,2016-08-19,2016,8
708,39,MUJER,PRINCIPAL,Buenos Aires,DISPARO DE BALA,2016-08-21,2016,8
847,19,MUJER,PRINCIPAL,Buenos Aires,ESTRANGULAMIENTO,2016-08-21,2016,8
709,50,MUJER,PRINCIPAL,Buenos Aires,QUEMADURAS,2016-08-26,2016,8
707,21,MUJER,PRINCIPAL,Chubut,ACUCHILLAMIENTO,2016-08-28,2016,8
809,39,MUJER,PRINCIPAL,Mendoza,ESTRANGULAMIENTO,2016-08-29,2016,8
992,22,MUJER,PRINCIPAL,Cordoba,ACUCHILLAMIENTO,2016-09-02,2016,9
710,19,MUJER,PRINCIPAL,Buenos Aires,DISPARO DE BALA,2016-09-09,2016,9
750,65,MUJER,PRINCIPAL,Mendoza,ASFIXIA,2016-09-09,2016,9
711,36,TRANSGENERO,PRINCIPAL,Jujuy,ACUCHILLAMIENTO,2016-09-10,2016,9
717,24,MUJER,PRINCIPAL,Santa Fe,DISPARO DE BALA,2016-09-12,2016,9
725,26,HOMBRE,VINCULADO,Chubut,DISPARO DE BALA,2016-09-13,2016,9
725,54,MUJER,VINCULADO,Chubut,DISPARO DE BALA,2016-09-13,2016,9
725,14,MUJER,VINCULADO,Chubut,DISPARO DE BALA,2016-09-13,2016,9
718,26,MUJER,PRINCIPAL,Mendoza,AHORCAMIENTO,2016-09-13,2016,9
712,27,MUJER,PRINCIPAL,Salta,ACUCHILLAMIENTO,2016-09-13,2016,9
1104,47,MUJER,PRINCIPAL,Buenos Aires,ACUCHILLAMIENTO,2016-09-14,2016,9
719,16,MUJER,PRINCIPAL,Buenos Aires,DISPARO DE BALA,2016-09-16,2016,9
723,18,MUJER,PRINCIPAL,Tucuman,INDEFINIDO,2016-09-18,2016,9
903,34,MUJER,PRINCIPAL,Mendoza,ESTRANGULAMIENTO,2016-09-19,2016,9
722,39,MUJER,VINCULADO,Buenos Aires,DISPARO DE BALA,2016-09-20,2016,9
722,25,HOMBRE,VINCULADO,Buenos Aires,DISPARO DE BALA,2016-09-20,2016,9
733,18,MUJER,PRINCIPAL,Buenos Aires,ACUCHILLAMIENTO,2016-09-21,2016,9
724,44,MUJER,PRINCIPAL,Santiago del Estero,DISPARO DE BALA,2016-09-21,2016,9
726,29,MUJER,PRINCIPAL,Mendoza,DISPARO DE BALA,2016-09-23,2016,9
727,21,MUJER,PRINCIPAL,Mendoza,GOLPES,2016-09-27,2016,9
729,19,MUJER,PRINCIPAL,Buenos Aires,APUÑALAMIENTO,2016-09-28,2016,9
728,19,MUJER,PRINCIPAL,Mendoza,DEGOLLAMIENTO,2016-09-28,2016,9
732,30,MUJER,PRINCIPAL,Jujuy,DISPARO DE BALA,2016-10-01,2016,10
730,26,MUJER,PRINCIPAL,Buenos Aires,DISPARO DE BALA,2016-10-03,2016,10
731,30,MUJER,PRINCIPAL,Santa Cruz,QUEMADURAS,2016-10-05,2016,10
735,22,MUJER,PRINCIPAL,Buenos Aires,ESTRANGULAMIENTO,2016-10-09,2016,10
736,16,MUJER,PRINCIPAL,Buenos Aires,GOLPES,2016-10-09,2016,10
787,49,MUJER,PRINCIPAL,Corrientes,QUEMADURAS,2016-10-09,2016,10
744,54,MUJER,PRINCIPAL,Buenos Aires,ACUCHILLAMIENTO,2016-10-11,2016,10
743,41,MUJER,PRINCIPAL,Cordoba,ACUCHILLAMIENTO,2016-10-12,2016,10
738,55,MUJER,PRINCIPAL,Buenos Aires,ACUCHILLAMIENTO,2016-10-13,2016,10
742,22,MUJER,PRINCIPAL,Cordoba,INDEFINIDO,2016-10-14,2016,10
749,34,MUJER,PRINCIPAL,Cordoba,DISPARO DE BALA,2016-10-14,2016,10
740,28,MUJER,PRINCIPAL,Santiago del Estero,ACUCHILLAMIENTO,2016-10-14,2016,10
745,63,MUJER,PRINCIPAL,Buenos Aires,ACUCHILLAMIENTO,2016-10-15,2016,10
739,15,MUJER,PRINCIPAL,Mendoza,ASFIXIA,2016-10-15,2016,10
741,38,MUJER,PRINCIPAL,Buenos Aires,DEGOLLAMIENTO,2016-10-16,2016,10
747,,MUJER,PRINCIPAL,Buenos Aires,OTROS,2016-10-17,2016,10
746,35,MUJER,PRINCIPAL,Jujuy,QUEMADURAS,2016-10-17,2016,10
748,42,MUJER,PRINCIPAL,Tucuman,APUÑALAMIENTO,2016-10-18,2016,10
751,41,MUJER,PRINCIPAL,Mendoza,ACUCHILLAMIENTO,2016-10-19,2016,10
756,22,MUJER,PRINCIPAL,Tucuman,QUEMADURAS,2016-10-19,2016,10
753,43,MUJER,PRINCIPAL,Cordoba,ACUCHILLAMIENTO,2016-10-23,2016,10
752,65,MUJER,VINCULADO,Cordoba,ACUCHILLAMIENTO,2016-10-23,2016,10
752,31,MUJER,PRINCIPAL,Mendoza,ACUCHILLAMIENTO,2016-10-23,2016,10
752,90,MUJER,VINCULADO,Mendoza,ACUCHILLAMIENTO,2016-10-23,2016,10
754,53,MUJER,PRINCIPAL,Buenos Aires,DISPARO DE BALA,2016-10-24,2016,10
755,26,TRANSGENERO,PRINCIPAL,Misiones,GOLPES,2016-10-27,2016,10
757,39,MUJER,PRINCIPAL,Buenos Aires,ACUCHILLAMIENTO,2016-10-29,2016,10
869,,,VINCULADO,Rio Negro,ACUCHILLAMIENTO,2016-10-29,2016,10
947,30,MUJER,PRINCIPAL,Cordoba,APUÑALAMIENTO,2016-10-30,2016,10
1219,90,MUJER,PRINCIPAL,Cordoba,ACUCHILLAMIENTO,2016-11-04,2016,11
759,45,MUJER,PRINCIPAL,Entre Rios,DISPARO DE BALA,2016-11-05,2016,11
759,37,MUJER,PRINCIPAL,Entre Rios,DISPARO DE BALA,2016-11-05,2016,11
760,5,MUJER,VINCULADO,Entre Rios,APUÑALAMIENTO,2016-11-07,2016,11
760,7,MUJER,PRINCIPAL,Entre Rios,APUÑALAMIENTO,2016-11-07,2016,11
760,23,MUJER,PRINCIPAL,Entre Rios,APUÑALAMIENTO,2016-11-07,2016,11
760,23,HOMBRE,VINCULADO,Entre Rios,APUÑALAMIENTO,2016-11-07,2016,11
761,35,MUJER,PRINCIPAL,Entre Rios,OTROS,2016-11-09,2016,11
764,34,MUJER,PRINCIPAL,Mendoza,DISPARO DE BALA,2016-11-11,2016,11
767,35,MUJER,PRINCIPAL,Santa Fe,OTROS,2016-11-12,2016,11
765,26,MUJER,PRINCIPAL,Buenos Aires,OTROS,2016-11-13,2016,11
762,34,MUJER,PRINCIPAL,Buenos Aires,DISPARO DE BALA,2016-11-14,2016,11
763,39,MUJER,PRINCIPAL,Entre Rios,DEGOLLAMIENTO,2016-11-14,2016,11
766,38,MUJER,PRINCIPAL,Santa Fe,APUÑALAMIENTO,2016-11-17,2016,11
1168,25,MUJER,PRINCIPAL,Buenos Aires,QUEMADURAS,2016-11-20,2016,11
856,42,MUJER,PRINCIPAL,La Pampa,DEGOLLAMIENTO,2016-11-22,2016,11
758,18,MUJER,PRINCIPAL,Buenos Aires,ACUCHILLAMIENTO,2016-11-24,2016,11
758,16,MUJER,PRINCIPAL,Buenos Aires,ACUCHILLAMIENTO,2016-11-24,2016,11
783,36,HOMBRE,VINCULADO,Neuquen,DISPARO DE BALA,2016-11-27,2016,11
777,24,MUJER,PRINCIPAL,Cordoba,ESTRANGULAMIENTO,2016-11-28,2016,11
770,28,MUJER,PRINCIPAL,Cordoba,ACUCHILLAMIENTO,2016-12-01,2016,12
776,31,MUJER,PRINCIPAL,Buenos Aires,ACUCHILLAMIENTO,2016-12-02,2016,12
779,49,MUJER,PRINCIPAL,Buenos Aires,ACUCHILLAMIENTO,2016-12-02,2016,12
779,30,MUJER,VINCULADO,Buenos Aires,ACUCHILLAMIENTO,2016-12-02,2016,12
775,32,MUJER,PRINCIPAL,Jujuy,ACUCHILLAMIENTO,2016-12-05,2016,12
773,15,MUJER,PRINCIPAL,Salta,AHORCAMIENTO,2016-12-05,2016,12
774,18,MUJER,PRINCIPAL,Buenos Aires,ACUCHILLAMIENTO,2016-12-06,2016,12
778,40,MUJER,PRINCIPAL,Chubut,DEGOLLAMIENTO,2016-12-08,2016,12
789,30,MUJER,PRINCIPAL,Mendoza,INDEFINIDO,2016-12-10,2016,12
781,33,MUJER,PRINCIPAL,Buenos Aires,GOLPES,2016-12-12,2016,12
780,36,HOMBRE,VINCULADO,Buenos Aires,DISPARO DE BALA,2016-12-14,2016,12
1142,35,MUJER,PRINCIPAL,Buenos Aires,DISPARO DE BALA,2016-12-14,2016,12
786,16,MUJER,PRINCIPAL,Chaco,INDEFINIDO,2016-12-18,2016,12
784,47,MUJER,PRINCIPAL,Misiones,GOLPES,2016-12-18,2016,12
788,34,MUJER,PRINCIPAL,Tucuman,ESTRANGULAMIENTO,2016-12-21,2016,12
795,22,TRANSGENERO,PRINCIPAL,Buenos Aires,GOLPES,2016-12-22,2016,12
804,35,MUJER,PRINCIPAL,Buenos Aires,GOLPES,2016-12-24,2016,12
791,29,MUJER,PRINCIPAL,Santiago del Estero,ACUCHILLAMIENTO,2016-12-24,2016,12
792,70,HOMBRE,VINCULADO,Entre Rios,ACUCHILLAMIENTO,2016-12-25,2016,12
790,45,HOMBRE,VINCULADO,Santa Fe,APUÑALAMIENTO,2016-12-25,2016,12
790,15,MUJER,VINCULADO,Santa Fe,APUÑALAMIENTO,2016-12-25,2016,12
790,44,MUJER,VINCULADO,Santa Fe,APUÑALAMIENTO,2016-12-25,2016,12
790,32,HOMBRE,VINCULADO,Santa Fe,APUÑALAMIENTO,2016-12-25,2016,12
796,31,MUJER,PRINCIPAL,Buenos Aires,ACUCHILLAMIENTO,2016-12-27,2016,12
799,15,MUJER,PRINCIPAL,Buenos Aires,DISPARO DE BALA,2016-12-29,2016,12
798,22,MUJER,PRINCIPAL,Buenos Aires,DISPARO DE BALA,2016-12-29,2016,12
1128,58,MUJER,PRINCIPAL,Buenos Aires,INDEFINIDO,2016-12-29,2016,12
800,0,HOMBRE,VINCULADO,Santiago del Estero,GOLPES,2016-12-30,2016,12
802,42,MUJER,PRINCIPAL,Buenos Aires,GOLPES,2017-01-04,2017,1
801,18,MUJER,PRINCIPAL,Salta,AHORCAMIENTO,2017-01-05,2017,1
803,35,MUJER,PRINCIPAL,Salta,ESTRANGULAMIENTO,2017-01-06,2017,1
805,23,MUJER,PRINCIPAL,Buenos Aires,DISPARO DE BALA,2017-01-09,2017,1
1194,38,MUJER,PRINCIPAL,Buenos Aires,GOLPES,2017-01-11,2017,1
806,18,MUJER,PRINCIPAL,Buenos Aires,DISPARO DE BALA,2017-01-12,2017,1
808,34,MUJER,PRINCIPAL,Cordoba,ACUCHILLAMIENTO,2017-01-15,2017,1
811,25,MUJER,PRINCIPAL,Buenos Aires,DISPARO DE BALA,2017-01-16,2017,1
813,25,MUJER,PRINCIPAL,Buenos Aires,ACUCHILLAMIENTO,2017-01-20,2017,1
1201,19,MUJER,PRINCIPAL,Buenos Aires,GOLPES,2017-01-20,2017,1
812,39,MUJER,PRINCIPAL,Buenos Aires,APUÑALAMIENTO,2017-01-21,2017,1
818,28,MUJER,PRINCIPAL,Salta,QUEMADURAS,2017-01-22,2017,1
1252,23,MUJER,PRINCIPAL,Buenos Aires,QUEMADURAS,2017-01-24,2017,1
819,53,MUJER,PRINCIPAL,Buenos Aires,ACUCHILLAMIENTO,2017-01-25,2017,1
1216,35,MUJER,PRINCIPAL,Buenos Aires,DISPARO DE BALA,2017-01-25,2017,1
820,28,MUJER,PRINCIPAL,Chubut,GOLPES,2017-01-27,2017,1
823,44,MUJER,PRINCIPAL,Salta,ACUCHILLAMIENTO,2017-01-27,2017,1
828,40,MUJER,PRINCIPAL,Corrientes,QUEMADURAS,2017-02-01,2017,2
821,26,MUJER,PRINCIPAL,Salta,ACUCHILLAMIENTO,2017-02-01,2017,2
826,50,MUJER,PRINCIPAL,Buenos Aires,ACUCHILLAMIENTO,2017-02-03,2017,2
826,15,MUJER,PRINCIPAL,Buenos Aires,ACUCHILLAMIENTO,2017-02-03,2017,2
822,28,MUJER,PRINCIPAL,Tucuman,APUÑALAMIENTO,2017-02-04,2017,2
825,,HOMBRE,VINCULADO,Buenos Aires,DISPARO DE BALA,2017-02-05,2017,2
825,,MUJER,VINCULADO,Buenos Aires,DISPARO DE BALA,2017-02-05,2017,2
825,,MUJER,PRINCIPAL,Buenos Aires,DISPARO DE BALA,2017-02-05,2017,2
825,55,MUJER,VINCULADO,Buenos Aires,DISPARO DE BALA,2017-02-05,2017,2
825,34,HOMBRE,VINCULADO,Buenos Aires,DISPARO DE BALA,2017-02-05,2017,2
824,32,MUJER,PRINCIPAL,Santa Fe,GOLPES,2017-02-06,2017,2
1195,20,MUJER,VINCULADO,Buenos Aires,ACUCHILLAMIENTO,2017-02-09,2017,2
831,42,MUJER,PRINCIPAL,Buenos Aires,ACUCHILLAMIENTO,2017-02-11,2017,2
897,18,MUJER,PRINCIPAL,Buenos Aires,ACUCHILLAMIENTO,2017-02-11,2017,2
830,16,MUJER,VINCULADO,Buenos Aires,DISPARO DE BALA,2017-02-12,2017,2
830,17,MUJER,PRINCIPAL,Buenos Aires,DISPARO DE BALA,2017-02-12,2017,2
829,42,MUJER,PRINCIPAL,Buenos Aires,GOLPES,2017-02-12,2017,2
835,30,MUJER,PRINCIPAL,Jujuy,DEGOLLAMIENTO,2017-02-15,2017,2
835,8,MUJER,VINCULADO,Jujuy,DEGOLLAMIENTO,2017-02-15,2017,2
834,31,MUJER,PRINCIPAL,Mendoza,GOLPES,2017-02-15,2017,2
833,27,MUJER,PRINCIPAL,Buenos Aires,ACUCHILLAMIENTO,2017-02-17,2017,2
836,20,MUJER,PRINCIPAL,Jujuy,ACUCHILLAMIENTO,2017-02-17,2017,2
1149,44,MUJER,PRINCIPAL,Buenos Aires,ESTRANGULAMIENTO,2017-02-20,2017,2
837,33,MUJER,PRINCIPAL,Santiago del Estero,ACUCHILLAMIENTO,2017-02-20,2017,2
837,11,MUJER,VINCULADO,Santiago del Estero,ACUCHILLAMIENTO,2017-02-20,2017,2
837,9,MUJER,VINCULADO,Santiago del Estero,ACUCHILLAMIENTO,2017-02-20,2017,2
837,3,HOMBRE,VINCULADO,Santiago del Estero,QUEMADURAS,2017-02-20,2017,2
837,12,HOMBRE,VINCULADO,Santiago del Estero,ACUCHILLAMIENTO,2017-02-20,2017,2
838,20,MUJER,PRINCIPAL,Buenos Aires,ASFIXIA,2017-02-21,2017,2
901,18,MUJER,PRINCIPAL,Chaco,ACUCHILLAMIENTO,2017-02-23,2017,2
839,22,MUJER,PRINCIPAL,Buenos Aires,Empalamiento,2017-02-24,2017,2
842,54,MUJER,PRINCIPAL,Salta,GOLPES,2017-02-24,2017,2
840,67,MUJER,PRINCIPAL,Santa Fe,GOLPES,2017-02-27,2017,2
841,35,MUJER,PRINCIPAL,Entre Rios,GOLPES,2017-02-28,2017,2
1150,28,MUJER,PRINCIPAL,Buenos Aires,DEGOLLAMIENTO,2017-03-01,2017,3
862,22,MUJER,PRINCIPAL,Salta,INDEFINIDO,2017-03-01,2017,3
1151,30,MUJER,PRINCIPAL,Entre Rios,DISPARO DE BALA,2017-03-02,2017,3
843,36,MUJER,PRINCIPAL,Cordoba,DISPARO DE BALA,2017-03-05,2017,3
1068,26,MUJER,PRINCIPAL,Buenos Aires,DISPARO DE BALA,2017-03-07,2017,3
845,53,MUJER,PRINCIPAL,Cordoba,GOLPES,2017-03-10,2017,3
844,43,MUJER,PRINCIPAL,Neuquen,DISPARO DE BALA,2017-03-12,2017,3
846,48,MUJER,PRINCIPAL,Cordoba,DISPARO DE BALA,2017-03-13,2017,3
929,46,MUJER,PRINCIPAL,Cordoba,DISPARO DE BALA,2017-03-15,2017,3
850,17,MUJER,PRINCIPAL,Salta,DEGOLLAMIENTO,2017-03-18,2017,3
1207,17,MUJER,PRINCIPAL,Salta,APUÑALAMIENTO,2017-03-18,2017,3
1153,36,MUJER,PRINCIPAL,Formosa,DESCUARTIZAMIENTO,2017-03-19,2017,3
853,16,MUJER,PRINCIPAL,San Luis,DISPARO DE BALA,2017-03-19,2017,3
849,22,MUJER,PRINCIPAL,Buenos Aires,INDEFINIDO,2017-03-20,2017,3
854,36,MUJER,PRINCIPAL,Buenos Aires,ESTRANGULAMIENTO,2017-03-21,2017,3
1154,67,MUJER,PRINCIPAL,Corrientes,ABUSO SEXUAL,2017-03-21,2017,3
852,50,MUJER,PRINCIPAL,Jujuy,GOLPES,2017-03-21,2017,3
867,30,MUJER,PRINCIPAL,Buenos Aires,GOLPES,2017-03-22,2017,3
857,31,MUJER,PRINCIPAL,Jujuy,ESTRANGULAMIENTO,2017-03-22,2017,3
855,12,MUJER,PRINCIPAL,San Luis,ESTRANGULAMIENTO,2017-03-22,2017,3
1155,19,MUJER,PRINCIPAL,Buenos Aires,QUEMADURAS,2017-03-24,2017,3
858,,MUJER,PRINCIPAL,Buenos Aires,DESBARRANCAMIENTO,2017-03-27,2017,3
860,43,MUJER,PRINCIPAL,Buenos Aires,GOLPES,2017-03-30,2017,3
859,42,MUJER,PRINCIPAL,La Rioja,APUÑALAMIENTO,2017-03-30,2017,3
861,36,MUJER,PRINCIPAL,Buenos Aires,INDEFINIDO,2017-03-31,2017,3
866,21,MUJER,PRINCIPAL,Entre Rios,ESTRANGULAMIENTO,2017-04-01,2017,4
894,22,MUJER,PRINCIPAL,Buenos Aires,DESCUARTIZAMIENTO,2017-04-02,2017,4
864,16,MUJER,PRINCIPAL,Misiones,ESTRANGULAMIENTO,2017-04-02,2017,4
955,21,MUJER,PRINCIPAL,Tucuman,QUEMADURAS,2017-04-02,2017,4
872,10,MUJER,PRINCIPAL,Corrientes,ABUSO SEXUAL,2017-04-04,2017,4
1157,46,MUJER,PRINCIPAL,San Juan,DISPARO DE BALA,2017-04-04,2017,4
868,19,MUJER,PRINCIPAL,Cordoba,INDEFINIDO,2017-04-08,2017,4
875,56,MUJER,PRINCIPAL,Buenos Aires,DESCUARTIZAMIENTO,2017-04-09,2017,4
1158,50,MUJER,PRINCIPAL,Formosa,GOLPES,2017-04-09,2017,4
870,43,MUJER,PRINCIPAL,Santa Fe,GOLPES,2017-04-09,2017,4
883,3,MUJER,PRINCIPAL,Buenos Aires,ABUSO SEXUAL,2017-04-11,2017,4
1161,3,MUJER,PRINCIPAL,Tucuman,GOLPES,2017-04-11,2017,4
881,49,MUJER,PRINCIPAL,Santa Fe,ACUCHILLAMIENTO,2017-04-13,2017,4
874,43,MUJER,PRINCIPAL,Santiago del Estero,ACUCHILLAMIENTO,2017-04-14,2017,4
873,16,MUJER,PRINCIPAL,Tucuman,ABUSO SEXUAL,2017-04-14,2017,4
884,1,MUJER,PRINCIPAL,Buenos Aires,ABUSO SEXUAL,2017-04-15,2017,4
885,29,MUJER,PRINCIPAL,Santa Fe,ACUCHILLAMIENTO,2017-04-16,2017,4
880,27,MUJER,PRINCIPAL,Misiones,ACUCHILLAMIENTO,2017-04-17,2017,4
886,41,MUJER,PRINCIPAL,Santa Fe,DISPARO DE BALA,2017-04-17,2017,4
891,35,MUJER,PRINCIPAL,Santa Fe,GOLPES,2017-04-19,2017,4
1162,61,MUJER,PRINCIPAL,Tierra del Fuego,DISPARO DE BALA,2017-04-19,2017,4
882,48,MUJER,PRINCIPAL,Buenos Aires,DEGOLLAMIENTO,2017-04-20,2017,4
933,31,MUJER,PRINCIPAL,Buenos Aires,QUEMADURAS,2017-04-20,2017,4
893,21,MUJER,PRINCIPAL,Cordoba,ESTRANGULAMIENTO,2017-04-22,2017,4
889,52,MUJER,PRINCIPAL,Mendoza,AHORCAMIENTO,2017-04-23,2017,4
888,,MUJER,PRINCIPAL,Tucuman,ACUCHILLAMIENTO,2017-04-23,2017,4
1164,24,MUJER,PRINCIPAL,Buenos Aires,QUEMADURAS,2017-04-25,2017,4
906,17,MUJER,PRINCIPAL,Cordoba,ATROPELLAMIENTO,2017-04-26,2017,4
1167,47,MUJER,PRINCIPAL,Salta,ESTRANGULAMIENTO,2017-04-26,2017,4
1169,28,MUJER,PRINCIPAL,Buenos Aires,ESTRANGULAMIENTO,2017-04-27,2017,4
898,1,MUJER,PRINCIPAL,Mendoza,ATROPELLAMIENTO,2017-04-27,2017,4
895,SE,MUJER,PRINCIPAL,Santiago del Estero,ACUCHILLAMIENTO,2017-04-28,2017,4
896,15,MUJER,PRINCIPAL,Salta,ACUCHILLAMIENTO,2017-04-29,2017,4
899,15,MUJER,PRINCIPAL,Buenos Aires,ACUCHILLAMIENTO,2017-05-04,2017,5
902,22,MUJER,PRINCIPAL,Jujuy,QUEMADURAS,2017-05-04,2017,5
1074,52,MUJER,PRINCIPAL,Santa Cruz,ESTRANGULAMIENTO,2017-05-05,2017,5
905,17,MUJER,PRINCIPAL,Tucuman,QUEMADURAS,2017-05-06,2017,5
907,,MUJER,PRINCIPAL,Buenos Aires,AHORCAMIENTO,2017-05-07,2017,5
904,50,MUJER,PRINCIPAL,Cordoba,ACUCHILLAMIENTO,2017-05-09,2017,5
909,36,MUJER,PRINCIPAL,Catamarca,ACUCHILLAMIENTO,2017-05-14,2017,5
910,50,MUJER,PRINCIPAL,Chaco,DEGOLLAMIENTO,2017-05-14,2017,5
912,52,MUJER,PRINCIPAL,Buenos Aires,DISPARO DE BALA,2017-05-16,2017,5
1172,62,MUJER,PRINCIPAL,Cordoba,ESTRANGULAMIENTO,2017-05-19,2017,5
914,21,MUJER,PRINCIPAL,Buenos Aires,DISPARO DE BALA,2017-05-23,2017,5
916,22,MUJER,PRINCIPAL,Salta,ESTRANGULAMIENTO,2017-05-27,2017,5
917,35,MUJER,PRINCIPAL,Buenos Aires,DISPARO DE BALA,2017-05-28,2017,5
919,46,MUJER,PRINCIPAL,Cordoba,DESCUARTIZAMIENTO,2017-05-28,2017,5
918,40,MUJER,PRINCIPAL,Santiago del Estero,APUÑALAMIENTO,2017-06-01,2017,6
941,52,MUJER,PRINCIPAL,San Juan,ACUCHILLAMIENTO,2017-06-02,2017,6
921,3,HOMBRE,VINCULADO,Salta,ENVENENAMIENTO,2017-06-05,2017,6
921,26,MUJER,PRINCIPAL,Salta,ENVENENAMIENTO,2017-06-05,2017,6
924,10,MUJER,VINCULADO,Neuquen,DISPARO DE BALA,2017-06-08,2017,6
925,18,MUJER,PRINCIPAL,Santa Fe,DISPARO DE BALA,2017-06-10,2017,6
928,33,MUJER,PRINCIPAL,Neuquen,ACUCHILLAMIENTO,2017-06-11,2017,6
926,39,MUJER,PRINCIPAL,Salta,ACUCHILLAMIENTO,2017-06-11,2017,6
922,29,MUJER,PRINCIPAL,Buenos Aires,DISPARO DE BALA,2017-06-12,2017,6
934,19,MUJER,PRINCIPAL,Formosa,ABUSO SEXUAL,2017-06-16,2017,6
927,46,MUJER,PRINCIPAL,Cordoba,DESCUARTIZAMIENTO,2017-06-17,2017,6
930,27,MUJER,PRINCIPAL,Buenos Aires,ACUCHILLAMIENTO,2017-06-19,2017,6
982,18,MUJER,PRINCIPAL,Buenos Aires,DISPARO DE BALA,2017-06-20,2017,6
932,20,MUJER,PRINCIPAL,Cordoba,DISPARO DE BALA,2017-06-22,2017,6
935,17,MUJER,PRINCIPAL,Santiago del Estero,DISPARO DE BALA,2017-06-25,2017,6
937,25,MUJER,PRINCIPAL,Chaco,ASFIXIA,2017-06-27,2017,6
936,37,MUJER,PRINCIPAL,Tucuman,DISPARO DE BALA,2017-06-27,2017,6
944,32,MUJER,PRINCIPAL,Buenos Aires,ACUCHILLAMIENTO,2017-06-28,2017,6
940,31,MUJER,PRINCIPAL,San Luis,GOLPES,2017-06-28,2017,6
1209,19,MUJER,PRINCIPAL,Santa Fe,AHOGAMIENTO,2017-07-01,2017,7
942,23,MUJER,PRINCIPAL,Buenos Aires,DISPARO DE BALA,2017-07-03,2017,7
946,27,MUJER,PRINCIPAL,Chubut,ACUCHILLAMIENTO,2017-07-03,2017,7
950,19,MUJER,PRINCIPAL,Buenos Aires,ESTRANGULAMIENTO,2017-07-05,2017,7
1156,,TRANSGENERO,PRINCIPAL,Buenos Aires,DEGOLLAMIENTO,2017-07-05,2017,7
951,7,MUJER,VINCULADO,Buenos Aires,ACUCHILLAMIENTO,2017-07-06,2017,7
951,43,MUJER,PRINCIPAL,Buenos Aires,ACUCHILLAMIENTO,2017-07-06,2017,7
954,19,MUJER,PRINCIPAL,Buenos Aires,OTROS,2017-07-08,2017,7
952,26,MUJER,PRINCIPAL,Buenos Aires,QUEMADURAS,2017-07-08,2017,7
953,31,MUJER,PRINCIPAL,Santiago del Estero,ESTRANGULAMIENTO,2017-07-09,2017,7
958,38,MUJER,PRINCIPAL,Entre Rios,ACUCHILLAMIENTO,2017-07-12,2017,7
961,37,MUJER,PRINCIPAL,Santa Fe,GOLPES,2017-07-12,2017,7
971,39,MUJER,PRINCIPAL,Jujuy,GOLPES,2017-07-13,2017,7
966,13,MUJER,PRINCIPAL,Chaco,DISPARO DE BALA,2017-07-14,2017,7
965,27,MUJER,VINCULADO,Cordoba,DISPARO DE BALA,2017-07-14,2017,7
970,18,MUJER,PRINCIPAL,Buenos Aires,DISPARO DE BALA,2017-07-15,2017,7
967,73,MUJER,PRINCIPAL,Buenos Aires,ESTRANGULAMIENTO,2017-07-15,2017,7
970,18,HOMBRE,VINCULADO,Buenos Aires,DISPARO DE BALA,2017-07-15,2017,7
964,66,MUJER,PRINCIPAL,Cordoba,DISPARO DE BALA,2017-07-15,2017,7
1159,16,MUJER,PRINCIPAL,Buenos Aires,AHORCAMIENTO,2017-07-17,2017,7
1160,5,MUJER,PRINCIPAL,Cordoba,ABUSO SEXUAL,2017-07-19,2017,7
969,55,MUJER,PRINCIPAL,Buenos Aires,DISPARO DE BALA,2017-07-20,2017,7
1166,60,MUJER,VINCULADO,Buenos Aires,QUEMADURAS,2017-07-20,2017,7
1166,20,MUJER,VINCULADO,Buenos Aires,QUEMADURAS,2017-07-20,2017,7
1166,23,HOMBRE,VINCULADO,Buenos Aires,QUEMADURAS,2017-07-20,2017,7
1166,1,MUJER,VINCULADO,Buenos Aires,QUEMADURAS,2017-07-20,2017,7
974,67,MUJER,PRINCIPAL,Buenos Aires,GOLPES,2017-07-21,2017,7
972,,MUJER,PRINCIPAL,Neuquen,QUEMADURAS,2017-07-24,2017,7
975,67,MUJER,VINCULADO,Corrientes,DISPARO DE BALA,2017-07-25,2017,7
976,36,TRANSGENERO,PRINCIPAL,Santa Fe,DISPARO DE BALA,2017-07-25,2017,7
977,27,MUJER,PRINCIPAL,Corrientes,GOLPES,2017-07-28,2017,7
979,16,MUJER,PRINCIPAL,Buenos Aires,ASFIXIA,2017-08-04,2017,8
980,41,MUJER,PRINCIPAL,Cordoba,ACUCHILLAMIENTO,2017-08-07,2017,8
981,22,MUJER,PRINCIPAL,Buenos Aires,AHORCAMIENTO,2017-08-08,2017,8
984,,MUJER,PRINCIPAL,Buenos Aires,ACUCHILLAMIENTO,2017-08-08,2017,8
983,80,MUJER,VINCULADO,Buenos Aires,ACUCHILLAMIENTO,2017-08-09,2017,8
983,46,MUJER,PRINCIPAL,Buenos Aires,ACUCHILLAMIENTO,2017-08-09,2017,8
1171,2,MUJER,PRINCIPAL,Buenos Aires,GOLPES,2017-08-09,2017,8
1000,31,TRANSGENERO,PRINCIPAL,Tucuman,ASFIXIA,2017-08-12,2017,8
986,21,MUJER,PRINCIPAL,Salta,ENVENENAMIENTO,2017-08-17,2017,8
987,20,MUJER,PRINCIPAL,Santa Fe,DISPARO DE BALA,2017-08-19,2017,8
990,27,MUJER,PRINCIPAL,Jujuy,GOLPES,2017-08-20,2017,8
978,65,MUJER,VINCULADO,Buenos Aires,ACUCHILLAMIENTO,2017-08-23,2017,8
978,36,MUJER,PRINCIPAL,Buenos Aires,ACUCHILLAMIENTO,2017-08-23,2017,8
991,19,MUJER,PRINCIPAL,Salta,ESTRANGULAMIENTO,2017-08-26,2017,8
994,20,MUJER,PRINCIPAL,Cordoba,APUÑALAMIENTO,2017-08-27,2017,8
1003,22,MUJER,PRINCIPAL,Tucuman,DISPARO DE BALA,2017-09-01,2017,9
1163,23,MUJER,PRINCIPAL,Corrientes,ACUCHILLAMIENTO,2017-09-03,2017,9
995,0,MUJER,PRINCIPAL,Buenos Aires,ABUSO SEXUAL,2017-09-05,2017,9
1004,13,MUJER,PRINCIPAL,Buenos Aires,ACUCHILLAMIENTO,2017-09-07,2017,9
1005,43,TRANSGENERO,PRINCIPAL,Buenos Aires,GOLPES,2017-09-09,2017,9
999,29,MUJER,PRINCIPAL,Buenos Aires,DISPARO DE BALA,2017-09-09,2017,9
998,19,MUJER,PRINCIPAL,Buenos Aires,ACUCHILLAMIENTO,2017-09-09,2017,9
1001,22,MUJER,PRINCIPAL,Santiago del Estero,ESTRANGULAMIENTO,2017-09-11,2017,9
1002,47,MUJER,PRINCIPAL,Catamarca,DISPARO DE BALA,2017-09-12,2017,9
1059,21,MUJER,PRINCIPAL,Santiago del Estero,AHORCAMIENTO,2017-09-12,2017,9
1006,31,MUJER,PRINCIPAL,Buenos Aires,DISPARO DE BALA,2017-09-17,2017,9
1045,74,MUJER,PRINCIPAL,Buenos Aires,DISPARO DE BALA,2017-09-20,2017,9
1007,39,MUJER,PRINCIPAL,Buenos Aires,ACUCHILLAMIENTO,2017-09-21,2017,9
1008,25,MUJER,PRINCIPAL,Salta,GOLPES,2017-09-21,2017,9
1050,25,MUJER,PRINCIPAL,Chaco,ACUCHILLAMIENTO,2017-09-23,2017,9
1165,49,MUJER,PRINCIPAL,Santiago del Estero,DISPARO DE BALA,2017-09-27,2017,9
1017,36,MUJER,PRINCIPAL,Neuquen,APUÑALAMIENTO,2017-09-28,2017,9
1010,35,MUJER,PRINCIPAL,Cordoba,DEGOLLAMIENTO,2017-09-29,2017,9
1177,42,MUJER,PRINCIPAL,Tucuman,ACUCHILLAMIENTO,2017-09-29,2017,9
1009,40,MUJER,PRINCIPAL,Buenos Aires,ESTRANGULAMIENTO,2017-09-30,2017,9
1011,51,MUJER,PRINCIPAL,Buenos Aires,DISPARO DE BALA,2017-09-30,2017,9
1012,25,MUJER,PRINCIPAL,Buenos Aires,ACUCHILLAMIENTO,2017-10-06,2017,10
1013,20,HOMBRE,VINCULADO,Santiago del Estero,DESCUARTIZAMIENTO,2017-10-06,2017,10
1013,62,MUJER,PRINCIPAL,Santiago del Estero,DESCUARTIZAMIENTO,2017-10-06,2017,10
1170,25,MUJER,PRINCIPAL,Buenos Aires,DISPARO DE BALA,2017-10-07,2017,10
1178,24,MUJER,PRINCIPAL,Santa Fe,DISPARO DE BALA,2017-10-08,2017,10
1014,29,MUJER,PRINCIPAL,Catamarca,AHORCAMIENTO,2017-10-09,2017,10
1015,43,MUJER,PRINCIPAL,Cordoba,GOLPES,2017-10-17,2017,10
1016,26,TRANSGENERO,PRINCIPAL,Cordoba,ACUCHILLAMIENTO,2017-10-18,2017,10
1018,20,MUJER,PRINCIPAL,Santa Fe,ACUCHILLAMIENTO,2017-10-20,2017,10
1019,37,MUJER,PRINCIPAL,Buenos Aires,ACUCHILLAMIENTO,2017-10-23,2017,10
1020,22,MUJER,PRINCIPAL,Chaco,GOLPES,2017-10-24,2017,10
1021,33,MUJER,PRINCIPAL,Santa Fe,ACUCHILLAMIENTO,2017-10-24,2017,10
1021,2,MUJER,VINCULADO,Santa Fe,ACUCHILLAMIENTO,2017-10-24,2017,10
1022,27,MUJER,PRINCIPAL,Entre Rios,ACUCHILLAMIENTO,2017-10-25,2017,10
1023,54,MUJER,PRINCIPAL,Entre Rios,DISPARO DE BALA,2017-10-28,2017,10
1024,23,MUJER,PRINCIPAL,Buenos Aires,ASFIXIA,2017-10-29,2017,10
1173,24,MUJER,PRINCIPAL,Santa Fe,OTROS,2017-11-06,2017,11
1026,22,MUJER,PRINCIPAL,Santa Fe,GOLPES,2017-11-07,2017,11
1175,14,MUJER,PRINCIPAL,Buenos Aires,DISPARO DE BALA,2017-11-09,2017,11
1027,26,MUJER,PRINCIPAL,Buenos Aires,ACUCHILLAMIENTO,2017-11-11,2017,11
1179,65,HOMBRE,VINCULADO,Neuquen,GOLPES,2017-11-13,2017,11
1180,31,MUJER,PRINCIPAL,Tucuman,GOLPES,2017-11-20,2017,11
1061,35,MUJER,PRINCIPAL,Jujuy,QUEMADURAS,2017-11-21,2017,11
1147,23,MUJER,PRINCIPAL,Buenos Aires,GOLPES,2017-11-22,2017,11
1184,30,MUJER,PRINCIPAL,Tucuman,GOLPES,2017-11-23,2017,11
1185,21,MUJER,PRINCIPAL,Buenos Aires,ESTRANGULAMIENTO,2017-11-24,2017,11
1028,44,MUJER,PRINCIPAL,Entre Rios,ACUCHILLAMIENTO,2017-11-25,2017,11
1187,85,MUJER,PRINCIPAL,Santiago del Estero,DISPARO DE BALA,2017-11-25,2017,11
1036,1,HOMBRE,VINCULADO,Catamarca,QUEMADURAS,2017-11-27,2017,11
1036,22,MUJER,PRINCIPAL,Catamarca,QUEMADURAS,2017-11-27,2017,11
1031,34,MUJER,PRINCIPAL,Formosa,ACUCHILLAMIENTO,2017-11-29,2017,11
1190,3,MUJER,PRINCIPAL,Mendoza,GOLPES,2017-11-29,2017,11
1032,38,MUJER,PRINCIPAL,Salta,DISPARO DE BALA,2017-12-01,2017,12
1040,32,MUJER,PRINCIPAL,Buenos Aires,GOLPES,2017-12-02,2017,12
1039,26,MUJER,PRINCIPAL,Misiones,ASFIXIA,2017-12-02,2017,12
1182,20,MUJER,PRINCIPAL,Santa Fe,DISPARO DE BALA,2017-12-03,2017,12
1034,19,MUJER,PRINCIPAL,Buenos Aires,DISPARO DE BALA,2017-12-06,2017,12
1035,75,MUJER,PRINCIPAL,Buenos Aires,ACUCHILLAMIENTO,2017-12-06,2017,12
1048,17,MUJER,PRINCIPAL,Salta,ASFIXIA,2017-12-07,2017,12
1041,64,MUJER,PRINCIPAL,Buenos Aires,ACUCHILLAMIENTO,2017-12-08,2017,12
1043,42,MUJER,PRINCIPAL,Buenos Aires,ASFIXIA,2017-12-08,2017,12
1037,20,MUJER,PRINCIPAL,Cordoba,DISPARO DE BALA,2017-12-08,2017,12
1047,20,MUJER,PRINCIPAL,Tucuman,QUEMADURAS,2017-12-08,2017,12
1042,43,MUJER,PRINCIPAL,Misiones,DISPARO DE BALA,2017-12-09,2017,12
1038,32,MUJER,PRINCIPAL,Buenos Aires,ACUCHILLAMIENTO,2017-12-11,2017,12
1198,48,MUJER,VINCULADO,Buenos Aires,DISPARO DE BALA,2017-12-13,2017,12
1057,41,MUJER,PRINCIPAL,Chaco,DISPARO DE BALA,2017-12-13,2017,12
1066,26,MUJER,PRINCIPAL,Salta,GOLPES,2017-12-17,2017,12
1053,24,MUJER,PRINCIPAL,Salta,ACUCHILLAMIENTO,2017-12-18,2017,12
1049,52,MUJER,PRINCIPAL,Buenos Aires,ESTRANGULAMIENTO,2017-12-19,2017,12
1044,42,MUJER,PRINCIPAL,Cordoba,DISPARO DE BALA,2017-12-19,2017,12
1192,47,MUJER,PRINCIPAL,Cordoba,DISPARO DE BALA,2017-12-22,2017,12
1196,30,MUJER,PRINCIPAL,Buenos Aires,GOLPES,2017-12-24,2017,12
1065,50,MUJER,PRINCIPAL,Corrientes,OTROS,2017-12-24,2017,12
1199,17,MUJER,PRINCIPAL,Santiago del Estero,DEGOLLAMIENTO,2017-12-24,2017,12
1055,53,MUJER,PRINCIPAL,Cordoba,DISPARO DE BALA,2017-12-25,2017,12
1060,18,MUJER,PRINCIPAL,Santa Fe,QUEMADURAS,2017-12-25,2017,12
1078,49,MUJER,PRINCIPAL,Santa Fe,OTROS,2017-12-28,2017,12
1062,34,TRANSGENERO,PRINCIPAL,Buenos Aires,DISPARO DE BALA,2017-12-29,2017,12
1064,19,MUJER,VINCULADO,Santa Fe,DISPARO DE BALA,2017-12-29,2017,12
1064,20,HOMBRE,VINCULADO,Santa Fe,DISPARO DE BALA,2017-12-29,2017,12
1064,19,MUJER,VINCULADO,Santa Fe,DISPARO DE BALA,2017-12-29,2017,12
1064,,MUJER,VINCULADO,Santa Fe,INDEFINIDO,2017-12-29,2017,12
1064,35,MUJER,PRINCIPAL,Santa Fe,DISPARO DE BALA,2017-12-29,2017,12
1183,29,MUJER,PRINCIPAL,Santa Fe,DISPARO DE BALA,2017-12-31,2017,12
1067,16,MUJER,PRINCIPAL,Corrientes,ABUSO SEXUAL,2018-01-02,2018,1
1063,60,MUJER,PRINCIPAL,Jujuy,INDEFINIDO,2018-01-04,2018,1
1058,23,MUJER,PRINCIPAL,Santa Fe,AHORCAMIENTO,2018-01-06,2018,1
1051,31,MUJER,PRINCIPAL,La Rioja,GOLPES,2018-01-08,2018,1
1052,25,MUJER,PRINCIPAL,Buenos Aires,QUEMADURAS,2018-01-10,2018,1
1054,39,MUJER,PRINCIPAL,Neuquen,DISPARO DE BALA,2018-01-11,2018,1
1200,28,MUJER,PRINCIPAL,Buenos Aires,AHOGAMIENTO,2018-01-13,2018,1
1113,16,MUJER,PRINCIPAL,Formosa,ABUSO SEXUAL,2018-01-13,2018,1
1101,47,MUJER,PRINCIPAL,Neuquen,ACUCHILLAMIENTO,2018-01-14,2018,1
1070,4,MUJER,PRINCIPAL,Cordoba,ABUSO SEXUAL,2018-01-15,2018,1
1071,53,MUJER,PRINCIPAL,Buenos Aires,ESTRANGULAMIENTO,2018-01-22,2018,1
1072,50,MUJER,PRINCIPAL,Tucuman,DISPARO DE BALA,2018-01-24,2018,1
1073,38,MUJER,PRINCIPAL,San Luis,AHORCAMIENTO,2018-01-28,2018,1
1116,20,MUJER,PRINCIPAL,Chaco,APUÑALAMIENTO,2018-01-29,2018,1
1076,43,MUJER,PRINCIPAL,Buenos Aires,DISPARO DE BALA,2018-02-01,2018,2
1082,27,MUJER,PRINCIPAL,Corrientes,ACUCHILLAMIENTO,2018-02-04,2018,2
1081,38,MUJER,PRINCIPAL,Chubut,QUEMADURAS,2018-02-05,2018,2
1094,59,MUJER,PRINCIPAL,Mendoza,DISPARO DE BALA,2018-02-05,2018,2
1084,54,MUJER,PRINCIPAL,Buenos Aires,DEGOLLAMIENTO,2018-02-08,2018,2
1083,45,TRANSGENERO,PRINCIPAL,Santa Fe,ACUCHILLAMIENTO,2018-02-09,2018,2
1086,14,MUJER,PRINCIPAL,Cordoba,DISPARO DE BALA,2018-02-10,2018,2
1087,25,MUJER,PRINCIPAL,Mendoza,GOLPES,2018-02-13,2018,2
1087,51,MUJER,VINCULADO,Mendoza,GOLPES,2018-02-13,2018,2
1087,7,HOMBRE,VINCULADO,Mendoza,ESTRANGULAMIENTO,2018-02-13,2018,2
1085,60,MUJER,PRINCIPAL,Jujuy,QUEMADURAS,2018-02-14,2018,2
1080,64,MUJER,PRINCIPAL,Misiones,DISPARO DE BALA,2018-02-14,2018,2
1077,19,MUJER,PRINCIPAL,Santa Fe,ACUCHILLAMIENTO,2018-02-14,2018,2
1222,16,MUJER,PRINCIPAL,Salta,GOLPES,2018-02-16,2018,2
1117,,TRANSGENERO,PRINCIPAL,Tucuman,INDEFINIDO,2018-02-19,2018,2
1089,32,MUJER,PRINCIPAL,Mendoza,GOLPES,2018-02-20,2018,2
1079,30,MUJER,PRINCIPAL,Neuquen,ACUCHILLAMIENTO,2018-02-22,2018,2
1079,7,MUJER,VINCULADO,Neuquen,ACUCHILLAMIENTO,2018-02-22,2018,2
1088,11,MUJER,PRINCIPAL,Buenos Aires,ABUSO SEXUAL,2018-02-25,2018,2
1091,23,MUJER,PRINCIPAL,Buenos Aires,QUEMADURAS,2018-02-28,2018,2
1106,21,MUJER,PRINCIPAL,Buenos Aires,ASFIXIA,2018-02-28,2018,2
1090,31,MUJER,PRINCIPAL,Buenos Aires,DEGOLLAMIENTO,2018-03-02,2018,3
1123,59,MUJER,PRINCIPAL,Mendoza,APUÑALAMIENTO,2018-03-05,2018,3
1092,43,MUJER,PRINCIPAL,Mendoza,DISPARO DE BALA,2018-03-08,2018,3
1208,,MUJER,PRINCIPAL,Salta,ASFIXIA,2018-03-20,2018,3
1097,30,MUJER,PRINCIPAL,Buenos Aires,DISPARO DE BALA,2018-03-25,2018,3
1105,30,MUJER,PRINCIPAL,Buenos Aires,DISPARO DE BALA,2018-03-25,2018,3
1217,32,MUJER,PRINCIPAL,Cordoba,ESTRANGULAMIENTO,2018-03-26,2018,3
1098,44,MUJER,PRINCIPAL,Salta,ACUCHILLAMIENTO,2018-03-26,2018,3
1100,69,MUJER,PRINCIPAL,Neuquen,GOLPES,2018-03-29,2018,3
1102,26,MUJER,PRINCIPAL,Tucuman,OTROS,2018-03-30,2018,3
1103,23,MUJER,PRINCIPAL,Buenos Aires,ACUCHILLAMIENTO,2018-04-02,2018,4
1108,31,MUJER,PRINCIPAL,Buenos Aires,QUEMADURAS,2018-04-06,2018,4
1108,11,MUJER,VINCULADO,Buenos Aires,QUEMADURAS,2018-04-06,2018,4
1108,8,MUJER,VINCULADO,Buenos Aires,QUEMADURAS,2018-04-06,2018,4
1111,16,MUJER,PRINCIPAL,Santa Fe,OTROS,2018-04-13,2018,4
1107,18,MUJER,PRINCIPAL,Chaco,DEGOLLAMIENTO,2018-04-15,2018,4
1107,22,MUJER,PRINCIPAL,Chaco,DEGOLLAMIENTO,2018-04-15,2018,4
1114,30,MUJER,PRINCIPAL,Mendoza,DISPARO DE BALA,2018-04-16,2018,4
1118,57,MUJER,PRINCIPAL,Cordoba,DISPARO DE BALA,2018-04-18,2018,4
1112,38,MUJER,PRINCIPAL,Buenos Aires,DISPARO DE BALA,2018-04-20,2018,4
1115,38,MUJER,PRINCIPAL,Chaco,INDEFINIDO,2018-04-21,2018,4
1109,51,MUJER,PRINCIPAL,Buenos Aires,DISPARO DE BALA,2018-04-23,2018,4
1110,50,MUJER,PRINCIPAL,Cordoba,APUÑALAMIENTO,2018-05-02,2018,5
1122,43,MUJER,PRINCIPAL,Buenos Aires,INDEFINIDO,2018-05-03,2018,5
1119,44,MUJER,PRINCIPAL,Buenos Aires,APUÑALAMIENTO,2018-05-10,2018,5
1120,60,MUJER,PRINCIPAL,Buenos Aires,ACUCHILLAMIENTO,2018-05-14,2018,5
1130,30,MUJER,PRINCIPAL,Misiones,AHORCAMIENTO,2018-05-15,2018,5
1121,38,MUJER,PRINCIPAL,Cordoba,ABUSO SEXUAL,2018-05-18,2018,5
1124,32,HOMBRE,VINCULADO,Mendoza,INDEFINIDO,2018-05-25,2018,5
1124,40,HOMBRE,VINCULADO,Mendoza,ATROPELLAMIENTO,2018-05-25,2018,5
1131,33,MUJER,PRINCIPAL,Buenos Aires,INDEFINIDO,2018-05-28,2018,5
1126,56,MUJER,PRINCIPAL,Rio Negro,APUÑALAMIENTO,2018-05-29,2018,5
1125,68,MUJER,PRINCIPAL,Buenos Aires,ESTRANGULAMIENTO,2018-06-03,2018,6
1127,40,MUJER,PRINCIPAL,Cordoba,DISPARO DE BALA,2018-06-05,2018,6
1145,60,MUJER,PRINCIPAL,Rio Negro,DISPARO DE BALA,2018-06-05,2018,6
1129,58,MUJER,PRINCIPAL,Entre Rios,GOLPES,2018-06-07,2018,6
1129,30,MUJER,PRINCIPAL,Entre Rios,GOLPES,2018-06-07,2018,6
1138,19,MUJER,PRINCIPAL,Corrientes,GOLPES,2018-06-11,2018,6
1132,25,MUJER,PRINCIPAL,Chubut,APUÑALAMIENTO,2018-06-14,2018,6
1134,38,MUJER,PRINCIPAL,Corrientes,APUÑALAMIENTO,2018-06-17,2018,6
1189,48,MUJER,PRINCIPAL,Buenos Aires,GOLPES,2018-06-18,2018,6
1136,35,MUJER,PRINCIPAL,Buenos Aires,ESTRANGULAMIENTO,2018-06-19,2018,6
1137,27,MUJER,PRINCIPAL,San Juan,DESCUARTIZAMIENTO,2018-06-19,2018,6
1133,30,MUJER,PRINCIPAL,Santiago del Estero,DISPARO DE BALA,2018-06-19,2018,6
1141,24,MUJER,PRINCIPAL,San Juan,APUÑALAMIENTO,2018-06-27,2018,6
1139,43,MUJER,VINCULADO,Cordoba,INDEFINIDO,2018-06-28,2018,6
1139,21,HOMBRE,VINCULADO,Cordoba,DISPARO DE BALA,2018-06-28,2018,6
1140,30,MUJER,PRINCIPAL,Rio Negro,ACUCHILLAMIENTO,2018-06-28,2018,6
1148,19,MUJER,PRINCIPAL,Santa Fe,DISPARO DE BALA,2018-07-05,2018,7
1181,39,MUJER,PRINCIPAL,Buenos Aires,DISPARO DE BALA,2018-07-08,2018,7
1144,37,MUJER,PRINCIPAL,Chubut,DISPARO DE BALA,2018-07-08,2018,7
1146,26,MUJER,PRINCIPAL,Tucuman,AHORCAMIENTO,2018-07-16,2018,7
1174,28,MUJER,PRINCIPAL,Buenos Aires,DISPARO DE BALA,2018-07-17,2018,7
1176,22,MUJER,PRINCIPAL,Mendoza,ACUCHILLAMIENTO,2018-07-22,2018,7
1176,47,MUJER,VINCULADO,Mendoza,ACUCHILLAMIENTO,2018-07-22,2018,7
1176,4,HOMBRE,VINCULADO,Mendoza,ACUCHILLAMIENTO,2018-07-22,2018,7
1188,17,MUJER,PRINCIPAL,Misiones,DISPARO DE BALA,2018-07-22,2018,7
1186,19,MUJER,PRINCIPAL,Entre Rios,ACUCHILLAMIENTO,2018-07-25,2018,7
1193,29,MUJER,VINCULADO,Tucuman,DISPARO DE BALA,2018-08-03,2018,8
1193,23,MUJER,PRINCIPAL,Tucuman,DISPARO DE BALA,2018-08-03,2018,8
1197,52,MUJER,PRINCIPAL,Misiones,ACUCHILLAMIENTO,2018-08-20,2018,8
1206,33,MUJER,PRINCIPAL,Buenos Aires,GOLPES,2018-08-24,2018,8
1205,15,MUJER,PRINCIPAL,Cordoba,GOLPES,2018-08-24,2018,8
1204,38,MUJER,PRINCIPAL,Cordoba,GOLPES,2018-08-25,2018,8
1203,16,MUJER,PRINCIPAL,Santa Fe,ABUSO SEXUAL,2018-08-25,2018,8
1227,29,MUJER,PRINCIPAL,Formosa,DISPARO DE BALA,2018-08-30,2018,8
1218,22,MUJER,PRINCIPAL,La Pampa,ACUCHILLAMIENTO,2018-09-04,2018,9
1212,22,MUJER,PRINCIPAL,Misiones,ESTRANGULAMIENTO,2018-09-10,2018,9
1220,39,MUJER,PRINCIPAL,Cordoba,DISPARO DE BALA,2018-09-11,2018,9
1213,43,MUJER,PRINCIPAL,Santiago del Estero,GOLPES,2018-09-12,2018,9
1210,20,MUJER,PRINCIPAL,Cordoba,DISPARO DE BALA,2018-09-16,2018,9
1210,54,MUJER,PRINCIPAL,Cordoba,DISPARO DE BALA,2018-09-16,2018,9
1225,29,MUJER,PRINCIPAL,Misiones,ACUCHILLAMIENTO,2018-09-16,2018,9
1221,30,MUJER,PRINCIPAL,Formosa,DISPARO DE BALA,2018-09-18,2018,9
1215,39,MUJER,PRINCIPAL,Salta,APUÑALAMIENTO,2018-09-21,2018,9
1226,14,MUJER,PRINCIPAL,Tucuman,INDEFINIDO,2018-09-21,2018,9
1224,27,MUJER,PRINCIPAL,Entre Rios,DISPARO DE BALA,2018-09-24,2018,9
1228,23,MUJER,PRINCIPAL,Buenos Aires,DISPARO DE BALA,2018-10-01,2018,10
1229,49,MUJER,PRINCIPAL,Buenos Aires,GOLPES,2018-10-03,2018,10
1245,40,MUJER,PRINCIPAL,Corrientes,GOLPES,2018-10-05,2018,10
1230,55,MUJER,PRINCIPAL,Rio Negro,GOLPES,2018-10-10,2018,10
1238,19,MUJER,PRINCIPAL,Chaco,ACUCHILLAMIENTO,2018-10-13,2018,10
1235,30,MUJER,PRINCIPAL,Buenos Aires,ACUCHILLAMIENTO,2018-10-14,2018,10
1240,25,MUJER,PRINCIPAL,Buenos Aires,Empalamiento,2018-10-14,2018,10
1239,56,MUJER,PRINCIPAL,Cordoba,ESTRANGULAMIENTO,2018-10-15,2018,10
1234,10,MUJER,PRINCIPAL,Buenos Aires,ABUSO SEXUAL,2018-10-18,2018,10
1236,23,MUJER,PRINCIPAL,Santa Fe,QUEMADURAS,2018-10-22,2018,10
1247,9,MUJER,PRINCIPAL,Buenos Aires,ABUSO SEXUAL,2018-10-25,2018,10
1233,49,MUJER,PRINCIPAL,Salta,ACUCHILLAMIENTO,2018-10-25,2018,10
1231,58,MUJER,PRINCIPAL,Corrientes,ACUCHILLAMIENTO,2018-10-27,2018,10
1232,19,MUJER,PRINCIPAL,Tucuman,ACUCHILLAMIENTO,2018-10-27,2018,10
1241,46,MUJER,PRINCIPAL,Mendoza,GOLPES,2018-10-28,2018,10
1242,41,MUJER,PRINCIPAL,Entre Rios,DISPARO DE BALA,2018-10-30,2018,10
1248,17,MUJER,PRINCIPAL,Cordoba,ABUSO SEXUAL,2018-11-04,2018,11
1243,39,MUJER,PRINCIPAL,Mendoza,DEGOLLAMIENTO,2018-11-05,2018,11
1244,37,MUJER,PRINCIPAL,Buenos Aires,APUÑALAMIENTO,2018-11-06,2018,11
1253,20,MUJER,PRINCIPAL,Santa Fe,APUÑALAMIENTO,2018-11-07,2018,11
1250,39,MUJER,PRINCIPAL,Buenos Aires,GOLPES,2018-11-09,2018,11
1223,27,MUJER,PRINCIPAL,Salta,GOLPES,2018-11-10,2018,11
1251,29,MUJER,PRINCIPAL,Buenos Aires,DISPARO DE BALA,2018-11-14,2018,11
1254,34,MUJER,PRINCIPAL,Buenos Aires,INDEFINIDO,2018-11-21,2018,11
1257,34,MUJER,PRINCIPAL,Entre Rios,APUÑALAMIENTO,2018-12-02,2018,12
1255,46,MUJER,PRINCIPAL,Buenos Aires,APUÑALAMIENTO,2018-12-09,2018,12
1256,56,MUJER,PRINCIPAL,Buenos Aires,GOLPES,2018-12-09,2018,12
1261,51,MUJER,PRINCIPAL,Buenos Aires,GOLPES,2018-12-16,2018,12
1259,27,MUJER,PRINCIPAL,Santiago del Estero,DISPARO DE BALA,2019-01-01,2019,1
1258,61,MUJER,PRINCIPAL,Buenos Aires,ACUCHILLAMIENTO,2019-01-06,2019,1
1260,24,MUJER,PRINCIPAL,Cordoba,ABUSO SEXUAL,2019-01-07,2019,1
477,85,MUJER,PRINCIPAL,Buenos Aires,INDEFINIDO,S/D,,
672,70,HOMBRE,VINCULADO,Buenos Aires,OTROS,S/D,,
672,22,MUJER,VINCULADO,Buenos Aires,OTROS,S/D,,
672,52,MUJER,PRINCIPAL,Buenos Aires,OTROS,S/D,,
672,19,MUJER,VINCULADO,Buenos Aires,OTROS,S/D,,
672,24,HOMBRE,VINCULADO,Buenos Aires,OTROS,S/D,,
419,14,MUJER,PRINCIPAL,Buenos Aires,DISPARO DE BALA,S/D,,
504,,MUJER,PRINCIPAL,Chaco,QUEMADURAS,S/D,,
138,41,MUJER,PRINCIPAL,Cordoba,ACUCHILLAMIENTO,S/D,,
499,39,MUJER,PRINCIPAL,Corrientes,ACUCHILLAMIENTO,S/D,,
512,21,MUJER,PRINCIPAL,Formosa,APUÑALAMIENTO,S/D,,
890,40,MUJER,PRINCIPAL,Mendoza,DESCUARTIZAMIENTO,S/D,,
505,43,MUJER,PRINCIPAL,Misiones,QUEMADURAS,S/D,,
182,39,MUJER,PRINCIPAL,Neuquen,DISPARO DE BALA,S/D,,
262,23,MUJER,PRINCIPAL,Rio Negro,GOLPES,S/D,,
1143,,MUJER,PRINCIPAL,Rio Negro,INDEFINIDO,S/D,,
601,37,MUJER,PRINCIPAL,San Juan,GOLPES,S/D,,
522,26,TRANSGENERO,PRINCIPAL,Santa Cruz,INDEFINIDO,S/D,,
511,20,MUJER,PRINCIPAL,Tucuman,DISPARO DE BALA,S/D,,
517,18,MUJER,PRINCIPAL,Mendoza,QUEMADURAS,S/D,,
531,35,MUJER,PRINCIPAL,Mendoza,ACUCHILLAMIENTO,S/D,,
432,32,MUJER,PRINCIPAL,Buenos Aires,INDEFINIDO,S/D,,
430,49,MUJER,PRINCIPAL,Buenos Aires,INDEFINIDO,S/D,,
425,45,MUJER,PRINCIPAL,Buenos Aires,INDEFINIDO,S/D,,