caso_numero,victima_edad,victima_identidad_genero,victima_tipo,hecho_provincia,hecho_modalidad_comisiva,hecho_fecha,añomes,mes
703,42,MUJER,PRINCIPAL,Buenos Aires,DISPARO DE BALA,2016-07-20,2016,7
14,,MUJER,PRINCIPAL,Buenos Aires,ACUCHILLAMIENTO,2015-02-23,2015,2
18,44,MUJER,PRINCIPAL,Buenos Aires,INDEFINIDO,2015-02-24,2015,2
13,18,MUJER,PRINCIPAL,Buenos Aires,GOLPES,2015-01-09,2015,1
867,30,MUJER,PRINCIPAL,Buenos Aires,GOLPES,2017-03-22,2017,3
2,32,MUJER,PRINCIPAL,Buenos Aires,ACUCHILLAMIENTO,2014-03-27,2014,3
90,43,MUJER,PRINCIPAL,Buenos Aires,OTROS,2015-05-29,2015,5
603,,TRANSGENERO,PRINCIPAL,Buenos Aires,DISPARO DE BALA,2016-02-28,2016,2
12,19,MUJER,PRINCIPAL,Buenos Aires,ACUCHILLAMIENTO,2015-01-12,2015,1
15,21,MUJER,PRINCIPAL,Buenos Aires,GOLPES,2015-01-06,2015,1
17,19,MUJER,VINCULADO,Buenos Aires,INDEFINIDO,2015-02-24,2015,2
9,7,MUJER,VINCULADO,Buenos Aires,ACUCHILLAMIENTO,2014-09-04,2014,9
10,26,MUJER,PRINCIPAL,Buenos Aires,ASFIXIA,2015-03-20,2015,3
6,39,MUJER,PRINCIPAL,Buenos Aires,INDEFINIDO,2014-09-25,2014,9
59,30,MUJER,PRINCIPAL,Buenos Aires,QUEMADURAS,2015-04-11,2015,4
60,53,MUJER,PRINCIPAL,Buenos Aires,ESTRANGULAMIENTO,2013-05-29,2013,5
74,34,MUJER,PRINCIPAL,Buenos Aires,DEGOLLAMIENTO,2013-07-06,2013,7
78,16,MUJER,PRINCIPAL,Buenos Aires,GOLPES,2013-06-10,2013,6
58,27,MUJER,PRINCIPAL,Buenos Aires,DISPARO DE BALA,2015-04-14,2015,4
69,49,MUJER,PRINCIPAL,Buenos Aires,DISPARO DE BALA,2013-11-23,2013,11
53,19,MUJER,PRINCIPAL,Buenos Aires,ESTRANGULAMIENTO,2013-09-30,2013,9
5,49,MUJER,PRINCIPAL,Buenos Aires,OTROS,2014-05-18,2014,5
54,15,MUJER,PRINCIPAL,Buenos Aires,INDEFINIDO,2013-09-07,2013,9
68,38,MUJER,PRINCIPAL,Buenos Aires,INDEFINIDO,2014-04-14,2014,4
85,38,MUJER,PRINCIPAL,Buenos Aires,ACUCHILLAMIENTO,2013-07-20,2013,7
91,26,MUJER,PRINCIPAL,Buenos Aires,INDEFINIDO,2015-03-16,2015,3
87,15,MUJER,PRINCIPAL,Buenos Aires,INDEFINIDO,2014-07-23,2014,7
94,19,MUJER,PRINCIPAL,Buenos Aires,ASFIXIA,2015-03-14,2015,3
93,34,MUJER,PRINCIPAL,Buenos Aires,INDEFINIDO,2013-02-09,2013,2
86,22,MUJER,PRINCIPAL,Buenos Aires,DISPARO DE BALA,2013-06-04,2013,6
84,22,MUJER,PRINCIPAL,Buenos Aires,QUEMADURAS,2015-02-23,2015,2
88,28,MUJER,PRINCIPAL,Buenos Aires,ACUCHILLAMIENTO,2014-02-19,2014,2
89,18,MUJER,PRINCIPAL,Buenos Aires,GOLPES,2015-05-23,2015,5
109,20,MUJER,PRINCIPAL,Buenos Aires,GOLPES,2015-06-27,2015,6
123,17,MUJER,PRINCIPAL,Buenos Aires,ACUCHILLAMIENTO,2015-07-01,2015,7
124,31,MUJER,PRINCIPAL,Buenos Aires,QUEMADURAS,2013-02-08,2013,2
145,40,MUJER,PRINCIPAL,Buenos Aires,ACUCHILLAMIENTO,2015-07-08,2015,7
149,65,MUJER,PRINCIPAL,Buenos Aires,ACUCHILLAMIENTO,2014-04-10,2014,4
128,49,MUJER,PRINCIPAL,Buenos Aires,ACUCHILLAMIENTO,2015-05-02,2015,5
129,44,MUJER,PRINCIPAL,Buenos Aires,ACUCHILLAMIENTO,2014-08-14,2014,8
151,16,MUJER,PRINCIPAL,Buenos Aires,ASFIXIA,2014-11-16,2014,11
150,26,MUJER,PRINCIPAL,Buenos Aires,ACUCHILLAMIENTO,2015-04-09,2015,4
152,24,MUJER,PRINCIPAL,Buenos Aires,ESTRANGULAMIENTO,2015-05-04,2015,5
121,39,TRANSGENERO,PRINCIPAL,Buenos Aires,DISPARO DE BALA,2015-06-05,2015,6
140,34,MUJER,PRINCIPAL,Buenos Aires,ACUCHILLAMIENTO,2015-01-30,2015,1
185,24,MUJER,PRINCIPAL,Buenos Aires,OTROS,2013-11-25,2013,11
160,32,MUJER,PRINCIPAL,Buenos Aires,DISPARO DE BALA,2015-04-15,2015,4
169,27,MUJER,PRINCIPAL,Buenos Aires,ACUCHILLAMIENTO,2015-03-01,2015,3
165,29,MUJER,PRINCIPAL,Buenos Aires,ESTRANGULAMIENTO,2015-01-17,2015,1
183,33,MUJER,PRINCIPAL,Buenos Aires,GOLPES,2013-06-02,2013,6
186,20,MUJER,PRINCIPAL,Buenos Aires,DISPARO DE BALA,2015-07-24,2015,7
189,19,MUJER,PRINCIPAL,Buenos Aires,OTROS,2013-02-14,2013,2
184,23,MUJER,PRINCIPAL,Buenos Aires,OTROS,2015-05-25,2015,5
193,23,MUJER,PRINCIPAL,Buenos Aires,ACUCHILLAMIENTO,2015-07-30,2015,7
277,29,MUJER,PRINCIPAL,Buenos Aires,DISPARO DE BALA,2015-04-08,2015,4
11,38,MUJER,PRINCIPAL,Buenos Aires,ASFIXIA,2014-01-16,2014,1
337,38,MUJER,PRINCIPAL,Buenos Aires,ACUCHILLAMIENTO,2014-09-25,2014,9
286,69,MUJER,PRINCIPAL,Buenos Aires,ASFIXIA,2013-12-26,2013,12
302,25,MUJER,PRINCIPAL,Buenos Aires,ACUCHILLAMIENTO,2014-09-03,2014,9
303,63,MUJER,PRINCIPAL,Buenos Aires,GOLPES,2013-01-13,2013,1
308,16,MUJER,PRINCIPAL,Buenos Aires,DISPARO DE BALA,2015-04-21,2015,4
312,25,MUJER,PRINCIPAL,Buenos Aires,ESTRANGULAMIENTO,2014-03-07,2014,3
311,40,MUJER,PRINCIPAL,Buenos Aires,DISPARO DE BALA,2014-11-14,2014,11
335,21,MUJER,PRINCIPAL,Buenos Aires,GOLPES,2014-06-17,2014,6
316,,MUJER,PRINCIPAL,Buenos Aires,GOLPES,2014-02-10,2014,2
327,28,MUJER,PRINCIPAL,Buenos Aires,DISPARO DE BALA,2014-05-06,2014,5
332,58,MUJER,VINCULADO,Buenos Aires,APUÑALAMIENTO,2014-08-15,2014,8
332,83,MUJER,VINCULADO,Buenos Aires,APUÑALAMIENTO,2014-08-15,2014,8
326,41,MUJER,PRINCIPAL,Buenos Aires,DISPARO DE BALA,2014-05-28,2014,5
330,63,MUJER,PRINCIPAL,Buenos Aires,APUÑALAMIENTO,2013-11-20,2013,11
331,28,MUJER,PRINCIPAL,Buenos Aires,DISPARO DE BALA,2014-08-16,2014,8
367,10,MUJER,VINCULADO,Buenos Aires,ACUCHILLAMIENTO,2013-01-02,2013,1
366,20,MUJER,PRINCIPAL,Buenos Aires,ACUCHILLAMIENTO,2013-11-07,2013,11
367,34,MUJER,PRINCIPAL,Buenos Aires,ACUCHILLAMIENTO,2013-01-02,2013,1
365,34,MUJER,PRINCIPAL,Buenos Aires,GOLPES,2014-04-28,2014,4
370,48,HOMBRE,VINCULADO,Buenos Aires,DISPARO DE BALA,2013-03-25,2013,3
371,33,MUJER,PRINCIPAL,Buenos Aires,GOLPES,2013-05-20,2013,5
374,43,MUJER,PRINCIPAL,Buenos Aires,DISPARO DE BALA,2013-11-25,2013,11
69,23,MUJER,VINCULADO,Buenos Aires,DISPARO DE BALA,2013-11-23,2013,11
375,53,MUJER,PRINCIPAL,Buenos Aires,DISPARO DE BALA,2014-02-11,2014,2
376,32,MUJER,PRINCIPAL,Buenos Aires,GOLPES,2014-04-06,2014,4
377,63,MUJER,PRINCIPAL,Buenos Aires,ACUCHILLAMIENTO,2014-06-21,2014,6
377,86,MUJER,PRINCIPAL,Buenos Aires,ACUCHILLAMIENTO,2014-06-21,2014,6
378,37,MUJER,PRINCIPAL,Buenos Aires,ACUCHILLAMIENTO,2014-07-07,2014,7
379,27,MUJER,PRINCIPAL,Buenos Aires,GOLPES,2014-07-18,2014,7
362,50,MUJER,PRINCIPAL,Buenos Aires,GOLPES,2013-05-06,2013,5
364,25,MUJER,PRINCIPAL,Buenos Aires,ESTRANGULAMIENTO,2013-10-20,2013,10
393,16,MUJER,PRINCIPAL,Buenos Aires,DISPARO DE BALA,2015-07-18,2015,7
394,22,MUJER,PRINCIPAL,Buenos Aires,QUEMADURAS,2015-05-28,2015,5
396,28,MUJER,PRINCIPAL,Buenos Aires,DISPARO DE BALA,2015-06-01,2015,6
398,45,MUJER,PRINCIPAL,Buenos Aires,GOLPES,2013-06-12,2013,6
399,35,MUJER,PRINCIPAL,Buenos Aires,DISPARO DE BALA,2013-12-17,2013,12
400,49,MUJER,PRINCIPAL,Buenos Aires,ACUCHILLAMIENTO,2013-11-20,2013,11
401,20,MUJER,PRINCIPAL,Buenos Aires,GOLPES,2013-08-31,2013,8
403,24,MUJER,PRINCIPAL,Buenos Aires,GOLPES,2014-12-20,2014,12
405,11,MUJER,VINCULADO,Buenos Aires,QUEMADURAS,2014-05-10,2014,5
405,38,MUJER,PRINCIPAL,Buenos Aires,QUEMADURAS,2014-05-10,2014,5
405,31,HOMBRE,VINCULADO,Buenos Aires,QUEMADURAS,2014-05-10,2014,5
406,2,HOMBRE,VINCULADO,Buenos Aires,DEGOLLAMIENTO,2013-02-18,2013,2
405,10,MUJER,VINCULADO,Buenos Aires,QUEMADURAS,2014-05-10,2014,5
405,6,HOMBRE,VINCULADO,Buenos Aires,QUEMADURAS,2014-05-10,2014,5
405,5,MUJER,VINCULADO,Buenos Aires,QUEMADURAS,2014-05-10,2014,5
405,4,HOMBRE,VINCULADO,Buenos Aires,QUEMADURAS,2014-05-10,2014,5
405,13,MUJER,VINCULADO,Buenos Aires,QUEMADURAS,2014-05-10,2014,5
406,7,HOMBRE,VINCULADO,Buenos Aires,DEGOLLAMIENTO,2013-02-18,2013,2
392,20,MUJER,PRINCIPAL,Buenos Aires,ESTRANGULAMIENTO,2013-10-30,2013,10
412,40,MUJER,PRINCIPAL,Buenos Aires,ACUCHILLAMIENTO,2014-05-05,2014,5
475,22,MUJER,PRINCIPAL,Buenos Aires,ACUCHILLAMIENTO,2015-07-19,2015,7
486,3,MUJER,PRINCIPAL,Buenos Aires,GOLPES,2014-08-21,2014,8
477,85,MUJER,PRINCIPAL,Buenos Aires,INDEFINIDO,,,
478,73,MUJER,PRINCIPAL,Buenos Aires,INDEFINIDO,2015-08-24,2015,8
479,38,MUJER,PRINCIPAL,Buenos Aires,QUEMADURAS,2015-08-02,2015,8
482,24,MUJER,PRINCIPAL,Buenos Aires,GOLPES,2015-08-13,2015,8
489,16,MUJER,PRINCIPAL,Buenos Aires,GOLPES,2014-01-10,2014,1
481,81,MUJER,PRINCIPAL,Buenos Aires,GOLPES,2015-07-15,2015,7
490,36,TRANSGENERO,PRINCIPAL,Buenos Aires,GOLPES,2014-11-06,2014,11
491,55,TRANSGENERO,PRINCIPAL,Buenos Aires,ACUCHILLAMIENTO,2014-11-25,2014,11
493,48,MUJER,PRINCIPAL,Buenos Aires,DEGOLLAMIENTO,2014-10-28,2014,10
502,44,MUJER,PRINCIPAL,Buenos Aires,ACUCHILLAMIENTO,2015-08-21,2015,8
488,17,MUJER,PRINCIPAL,Buenos Aires,INDEFINIDO,2014-03-10,2014,3
480,42,MUJER,PRINCIPAL,Buenos Aires,GOLPES,2015-08-19,2015,8
509,17,MUJER,PRINCIPAL,Buenos Aires,DISPARO DE BALA,2014-05-25,2014,5
509,19,MUJER,VINCULADO,Buenos Aires,DISPARO DE BALA,2014-05-25,2014,5
519,38,MUJER,PRINCIPAL,Buenos Aires,ACUCHILLAMIENTO,2015-10-10,2015,10
506,17,MUJER,PRINCIPAL,Buenos Aires,DISPARO DE BALA,2015-10-07,2015,10
507,44,MUJER,PRINCIPAL,Buenos Aires,APUÑALAMIENTO,2015-10-06,2015,10
524,47,MUJER,PRINCIPAL,Buenos Aires,DEGOLLAMIENTO,2015-10-08,2015,10
520,23,MUJER,PRINCIPAL,Buenos Aires,GOLPES,2015-10-12,2015,10
514,17,MUJER,PRINCIPAL,Buenos Aires,GOLPES,2014-05-30,2014,5
494,25,MUJER,PRINCIPAL,Buenos Aires,GOLPES,2015-09-18,2015,9
525,35,MUJER,PRINCIPAL,Buenos Aires,APUÑALAMIENTO,2015-10-11,2015,10
529,44,MUJER,PRINCIPAL,Buenos Aires,DISPARO DE BALA,2015-04-29,2015,4
530,22,MUJER,PRINCIPAL,Buenos Aires,DISPARO DE BALA,2014-05-12,2014,5
527,17,MUJER,PRINCIPAL,Buenos Aires,QUEMADURAS,2015-09-18,2015,9
409,52,MUJER,PRINCIPAL,Buenos Aires,ESTRANGULAMIENTO,2015-08-15,2015,8
532,33,MUJER,PRINCIPAL,Buenos Aires,DISPARO DE BALA,2015-10-19,2015,10
534,25,MUJER,PRINCIPAL,Buenos Aires,INDEFINIDO,2015-10-18,2015,10
533,41,MUJER,PRINCIPAL,Buenos Aires,QUEMADURAS,2015-09-05,2015,9
536,27,MUJER,PRINCIPAL,Buenos Aires,ESTRANGULAMIENTO,2015-10-22,2015,10
56,23,MUJER,PRINCIPAL,Buenos Aires,DEGOLLAMIENTO,2015-11-20,2015,11
535,51,MUJER,PRINCIPAL,Buenos Aires,DISPARO DE BALA,2015-10-22,2015,10
538,55,MUJER,PRINCIPAL,Buenos Aires,ACUCHILLAMIENTO,2015-10-28,2015,10
553,40,MUJER,PRINCIPAL,Buenos Aires,APUÑALAMIENTO,2015-12-11,2015,12
539,20,MUJER,PRINCIPAL,Buenos Aires,ASFIXIA,2015-03-14,2015,3
77,23,MUJER,PRINCIPAL,Buenos Aires,ACUCHILLAMIENTO,2015-11-16,2015,11
72,23,MUJER,PRINCIPAL,Buenos Aires,DISPARO DE BALA,2015-11-11,2015,11
77,3,HOMBRE,VINCULADO,Buenos Aires,ACUCHILLAMIENTO,2015-11-16,2015,11
546,50,MUJER,PRINCIPAL,Buenos Aires,ACUCHILLAMIENTO,2015-12-15,2015,12
550,38,MUJER,PRINCIPAL,Buenos Aires,GOLPES,2015-12-27,2015,12
541,18,MUJER,PRINCIPAL,Buenos Aires,APUÑALAMIENTO,2015-12-02,2015,12
549,62,MUJER,PRINCIPAL,Buenos Aires,APUÑALAMIENTO,2015-12-24,2015,12
574,18,MUJER,PRINCIPAL,Buenos Aires,DEGOLLAMIENTO,2016-02-04,2016,2
561,28,MUJER,PRINCIPAL,Buenos Aires,ACUCHILLAMIENTO,2016-01-15,2016,1
407,17,MUJER,PRINCIPAL,Buenos Aires,DISPARO DE BALA,2013-10-26,2013,10
576,48,MUJER,PRINCIPAL,Buenos Aires,DISPARO DE BALA,2015-12-18,2015,12
577,73,MUJER,PRINCIPAL,Buenos Aires,ACUCHILLAMIENTO,2015-12-10,2015,12
580,27,MUJER,PRINCIPAL,Buenos Aires,APUÑALAMIENTO,2016-02-08,2016,2
582,3,MUJER,PRINCIPAL,Buenos Aires,GOLPES,2016-01-30,2016,1
586,20,MUJER,PRINCIPAL,Buenos Aires,APUÑALAMIENTO,2016-02-09,2016,2
604,40,MUJER,PRINCIPAL,Buenos Aires,DISPARO DE BALA,2016-02-26,2016,2
599,28,MUJER,PRINCIPAL,Buenos Aires,ACUCHILLAMIENTO,2016-02-21,2016,2
570,23,MUJER,PRINCIPAL,Buenos Aires,GOLPES,2015-12-20,2015,12
598,64,MUJER,PRINCIPAL,Buenos Aires,DEGOLLAMIENTO,2015-03-27,2015,3
606,23,MUJER,PRINCIPAL,Buenos Aires,DISPARO DE BALA,2016-02-02,2016,2
591,39,MUJER,PRINCIPAL,Buenos Aires,ESTRANGULAMIENTO,2016-02-13,2016,2
611,26,MUJER,PRINCIPAL,Buenos Aires,APUÑALAMIENTO,2016-03-14,2016,3
607,34,MUJER,PRINCIPAL,Buenos Aires,APUÑALAMIENTO,2016-03-07,2016,3
618,11,MUJER,VINCULADO,Buenos Aires,GOLPES,2016-03-17,2016,3
608,17,MUJER,PRINCIPAL,Buenos Aires,APUÑALAMIENTO,2016-03-11,2016,3
614,43,MUJER,PRINCIPAL,Buenos Aires,ACUCHILLAMIENTO,2016-03-13,2016,3
618,32,MUJER,PRINCIPAL,Buenos Aires,GOLPES,2016-03-17,2016,3
602,34,TRANSGENERO,PRINCIPAL,Buenos Aires,GOLPES,2016-02-23,2016,2
626,22,MUJER,PRINCIPAL,Buenos Aires,DISPARO DE BALA,2016-03-30,2016,3
627,30,MUJER,PRINCIPAL,Buenos Aires,DISPARO DE BALA,2016-04-01,2016,4
639,24,MUJER,PRINCIPAL,Buenos Aires,GOLPES,2016-04-26,2016,4
630,27,MUJER,PRINCIPAL,Buenos Aires,GOLPES,2016-04-07,2016,4
641,25,MUJER,PRINCIPAL,Buenos Aires,DISPARO DE BALA,2016-04-26,2016,4
648,26,MUJER,PRINCIPAL,Buenos Aires,ESTRANGULAMIENTO,2016-05-06,2016,5
648,14,MUJER,PRINCIPAL,Buenos Aires,ESTRANGULAMIENTO,2016-05-06,2016,5
621,42,MUJER,PRINCIPAL,Buenos Aires,ACUCHILLAMIENTO,2016-03-29,2016,3
660,41,MUJER,PRINCIPAL,Buenos Aires,DEGOLLAMIENTO,2016-06-07,2016,6
653,13,MUJER,PRINCIPAL,Buenos Aires,GOLPES,2016-04-23,2016,4
670,26,MUJER,PRINCIPAL,Buenos Aires,OTROS,2015-12-31,2015,12
672,70,HOMBRE,VINCULADO,Buenos Aires,OTROS,,,
672,22,MUJER,VINCULADO,Buenos Aires,OTROS,,,
672,52,MUJER,PRINCIPAL,Buenos Aires,OTROS,,,
672,19,MUJER,VINCULADO,Buenos Aires,OTROS,,,
672,24,HOMBRE,VINCULADO,Buenos Aires,OTROS,,,
674,38,MUJER,PRINCIPAL,Buenos Aires,APUÑALAMIENTO,2016-07-06,2016,7
680,27,MUJER,PRINCIPAL,Buenos Aires,DISPARO DE BALA,2016-07-12,2016,7
681,,MUJER,PRINCIPAL,Buenos Aires,QUEMADURAS,2016-07-12,2016,7
683,,MUJER,PRINCIPAL,Buenos Aires,OTROS,2016-07-19,2016,7
694,53,MUJER,PRINCIPAL,Buenos Aires,DISPARO DE BALA,2016-08-08,2016,8
692,18,MUJER,PRINCIPAL,Buenos Aires,ASFIXIA,2016-07-29,2016,7
698,23,MUJER,PRINCIPAL,Buenos Aires,DISPARO DE BALA,2016-08-14,2016,8
700,63,MUJER,PRINCIPAL,Buenos Aires,GOLPES,2016-08-14,2016,8
704,36,MUJER,PRINCIPAL,Buenos Aires,GOLPES,2016-08-09,2016,8
701,43,MUJER,PRINCIPAL,Buenos Aires,DISPARO DE BALA,2016-08-13,2016,8
679,29,MUJER,PRINCIPAL,Buenos Aires,DISPARO DE BALA,2016-07-06,2016,7
708,39,MUJER,PRINCIPAL,Buenos Aires,DISPARO DE BALA,2016-08-21,2016,8
710,19,MUJER,PRINCIPAL,Buenos Aires,DISPARO DE BALA,2016-09-09,2016,9
709,50,MUJER,PRINCIPAL,Buenos Aires,QUEMADURAS,2016-08-26,2016,8
719,16,MUJER,PRINCIPAL,Buenos Aires,DISPARO DE BALA,2016-09-16,2016,9
722,39,MUJER,VINCULADO,Buenos Aires,DISPARO DE BALA,2016-09-20,2016,9
715,53,TRANSGENERO,PRINCIPAL,Buenos Aires,ACUCHILLAMIENTO,2016-06-23,2016,6
722,25,HOMBRE,VINCULADO,Buenos Aires,DISPARO DE BALA,2016-09-20,2016,9
729,19,MUJER,PRINCIPAL,Buenos Aires,APUÑALAMIENTO,2016-09-28,2016,9
733,18,MUJER,PRINCIPAL,Buenos Aires,ACUCHILLAMIENTO,2016-09-21,2016,9
735,22,MUJER,PRINCIPAL,Buenos Aires,ESTRANGULAMIENTO,2016-10-09,2016,10
737,2,MUJER,VINCULADO,Buenos Aires,GOLPES,2013-08-17,2013,8
738,55,MUJER,PRINCIPAL,Buenos Aires,ACUCHILLAMIENTO,2016-10-13,2016,10
741,38,MUJER,PRINCIPAL,Buenos Aires,DEGOLLAMIENTO,2016-10-16,2016,10
730,26,MUJER,PRINCIPAL,Buenos Aires,DISPARO DE BALA,2016-10-03,2016,10
736,16,MUJER,PRINCIPAL,Buenos Aires,GOLPES,2016-10-09,2016,10
745,63,MUJER,PRINCIPAL,Buenos Aires,ACUCHILLAMIENTO,2016-10-15,2016,10
747,,MUJER,PRINCIPAL,Buenos Aires,OTROS,2016-10-17,2016,10
754,53,MUJER,PRINCIPAL,Buenos Aires,DISPARO DE BALA,2016-10-24,2016,10
744,54,MUJER,PRINCIPAL,Buenos Aires,ACUCHILLAMIENTO,2016-10-11,2016,10
758,18,MUJER,PRINCIPAL,Buenos Aires,ACUCHILLAMIENTO,2016-11-24,2016,11
785,29,MUJER,PRINCIPAL,Buenos Aires,GOLPES,2015-11-06,2015,11
780,36,HOMBRE,VINCULADO,Buenos Aires,DISPARO DE BALA,2016-12-14,2016,12
781,33,MUJER,PRINCIPAL,Buenos Aires,GOLPES,2016-12-12,2016,12
796,31,MUJER,PRINCIPAL,Buenos Aires,ACUCHILLAMIENTO,2016-12-27,2016,12
793,14,MUJER,PRINCIPAL,Buenos Aires,GOLPES,2013-02-12,2013,2
802,42,MUJER,PRINCIPAL,Buenos Aires,GOLPES,2017-01-04,2017,1
804,35,MUJER,PRINCIPAL,Buenos Aires,GOLPES,2016-12-24,2016,12
805,23,MUJER,PRINCIPAL,Buenos Aires,DISPARO DE BALA,2017-01-09,2017,1
799,15,MUJER,PRINCIPAL,Buenos Aires,DISPARO DE BALA,2016-12-29,2016,12
811,25,MUJER,PRINCIPAL,Buenos Aires,DISPARO DE BALA,2017-01-16,2017,1
798,22,MUJER,PRINCIPAL,Buenos Aires,DISPARO DE BALA,2016-12-29,2016,12
813,25,MUJER,PRINCIPAL,Buenos Aires,ACUCHILLAMIENTO,2017-01-20,2017,1
806,18,MUJER,PRINCIPAL,Buenos Aires,DISPARO DE BALA,2017-01-12,2017,1
795,22,TRANSGENERO,PRINCIPAL,Buenos Aires,GOLPES,2016-12-22,2016,12
825,,HOMBRE,VINCULADO,Buenos Aires,DISPARO DE BALA,2017-02-05,2017,2
825,,MUJER,VINCULADO,Buenos Aires,DISPARO DE BALA,2017-02-05,2017,2
819,53,MUJER,PRINCIPAL,Buenos Aires,ACUCHILLAMIENTO,2017-01-25,2017,1
825,,MUJER,PRINCIPAL,Buenos Aires,DISPARO DE BALA,2017-02-05,2017,2
825,55,MUJER,VINCULADO,Buenos Aires,DISPARO DE BALA,2017-02-05,2017,2
826,50,MUJER,PRINCIPAL,Buenos Aires,ACUCHILLAMIENTO,2017-02-03,2017,2
825,34,HOMBRE,VINCULADO,Buenos Aires,DISPARO DE BALA,2017-02-05,2017,2
812,39,MUJER,PRINCIPAL,Buenos Aires,APUÑALAMIENTO,2017-01-21,2017,1
826,15,MUJER,PRINCIPAL,Buenos Aires,ACUCHILLAMIENTO,2017-02-03,2017,2
827,26,MUJER,PRINCIPAL,Buenos Aires,GOLPES,2016-03-21,2016,3
838,20,MUJER,PRINCIPAL,Buenos Aires,ASFIXIA,2017-02-21,2017,2
830,16,MUJER,VINCULADO,Buenos Aires,DISPARO DE BALA,2017-02-12,2017,2
830,17,MUJER,PRINCIPAL,Buenos Aires,DISPARO DE BALA,2017-02-12,2017,2
831,42,MUJER,PRINCIPAL,Buenos Aires,ACUCHILLAMIENTO,2017-02-11,2017,2
829,42,MUJER,PRINCIPAL,Buenos Aires,GOLPES,2017-02-12,2017,2
839,22,MUJER,PRINCIPAL,Buenos Aires,Empalamiento,2017-02-24,2017,2
847,19,MUJER,PRINCIPAL,Buenos Aires,ESTRANGULAMIENTO,2016-08-21,2016,8
863,,,PRINCIPAL,Buenos Aires,GOLPES,2014-08-27,2014,8
849,22,MUJER,PRINCIPAL,Buenos Aires,INDEFINIDO,2017-03-20,2017,3
188,25,MUJER,PRINCIPAL,Buenos Aires,OTROS,2015-06-19,2015,6
7,16,MUJER,PRINCIPAL,Buenos Aires,ASFIXIA,2014-08-23,2014,8
521,42,TRANSGENERO,PRINCIPAL,Buenos Aires,ACUCHILLAMIENTO,2015-10-11,2015,10
882,48,MUJER,PRINCIPAL,Buenos Aires,DEGOLLAMIENTO,2017-04-20,2017,4
858,,MUJER,PRINCIPAL,Buenos Aires,DESBARRANCAMIENTO,2017-03-27,2017,3
875,56,MUJER,PRINCIPAL,Buenos Aires,DESCUARTIZAMIENTO,2017-04-09,2017,4
912,52,MUJER,PRINCIPAL,Buenos Aires,DISPARO DE BALA,2017-05-16,2017,5
883,3,MUJER,PRINCIPAL,Buenos Aires,ABUSO SEXUAL,2017-04-11,2017,4
897,18,MUJER,PRINCIPAL,Buenos Aires,ACUCHILLAMIENTO,2017-02-11,2017,2
322,29,MUJER,PRINCIPAL,Buenos Aires,DISPARO DE BALA,2014-10-09,2014,10
833,27,MUJER,PRINCIPAL,Buenos Aires,ACUCHILLAMIENTO,2017-02-17,2017,2
933,31,MUJER,PRINCIPAL,Buenos Aires,QUEMADURAS,2017-04-20,2017,4
930,27,MUJER,PRINCIPAL,Buenos Aires,ACUCHILLAMIENTO,2017-06-19,2017,6
944,32,MUJER,PRINCIPAL,Buenos Aires,ACUCHILLAMIENTO,2017-06-28,2017,6
922,29,MUJER,PRINCIPAL,Buenos Aires,DISPARO DE BALA,2017-06-12,2017,6
917,35,MUJER,PRINCIPAL,Buenos Aires,DISPARO DE BALA,2017-05-28,2017,5
914,21,MUJER,PRINCIPAL,Buenos Aires,DISPARO DE BALA,2017-05-23,2017,5
954,19,MUJER,PRINCIPAL,Buenos Aires,OTROS,2017-07-08,2017,7
951,7,MUJER,VINCULADO,Buenos Aires,ACUCHILLAMIENTO,2017-07-06,2017,7
974,67,MUJER,PRINCIPAL,Buenos Aires,GOLPES,2017-07-21,2017,7
969,55,MUJER,PRINCIPAL,Buenos Aires,DISPARO DE BALA,2017-07-20,2017,7
951,43,MUJER,PRINCIPAL,Buenos Aires,ACUCHILLAMIENTO,2017-07-06,2017,7
952,26,MUJER,PRINCIPAL,Buenos Aires,QUEMADURAS,2017-07-08,2017,7
970,18,MUJER,PRINCIPAL,Buenos Aires,DISPARO DE BALA,2017-07-15,2017,7
950,19,MUJER,PRINCIPAL,Buenos Aires,ESTRANGULAMIENTO,2017-07-05,2017,7
967,73,MUJER,PRINCIPAL,Buenos Aires,ESTRANGULAMIENTO,2017-07-15,2017,7
962,30,MUJER,PRINCIPAL,Buenos Aires,AHORCAMIENTO,2013-05-22,2013,5
978,65,MUJER,VINCULADO,Buenos Aires,ACUCHILLAMIENTO,2017-08-23,2017,8
757,39,MUJER,PRINCIPAL,Buenos Aires,ACUCHILLAMIENTO,2016-10-29,2016,10
982,18,MUJER,PRINCIPAL,Buenos Aires,DISPARO DE BALA,2017-06-20,2017,6
942,23,MUJER,PRINCIPAL,Buenos Aires,DISPARO DE BALA,2017-07-03,2017,7
981,22,MUJER,PRINCIPAL,Buenos Aires,AHORCAMIENTO,2017-08-08,2017,8
983,80,MUJER,VINCULADO,Buenos Aires,ACUCHILLAMIENTO,2017-08-09,2017,8
984,,MUJER,PRINCIPAL,Buenos Aires,ACUCHILLAMIENTO,2017-08-08,2017,8
979,16,MUJER,PRINCIPAL,Buenos Aires,ASFIXIA,2017-08-04,2017,8
978,36,MUJER,PRINCIPAL,Buenos Aires,ACUCHILLAMIENTO,2017-08-23,2017,8
983,46,MUJER,PRINCIPAL,Buenos Aires,ACUCHILLAMIENTO,2017-08-09,2017,8
661,24,MUJER,PRINCIPAL,Buenos Aires,DISPARO DE BALA,2016-06-08,2016,6
1005,43,TRANSGENERO,PRINCIPAL,Buenos Aires,GOLPES,2017-09-09,2017,9
993,23,MUJER,PRINCIPAL,Buenos Aires,GOLPES,2015-12-25,2015,12
1007,39,MUJER,PRINCIPAL,Buenos Aires,ACUCHILLAMIENTO,2017-09-21,2017,9
999,29,MUJER,PRINCIPAL,Buenos Aires,DISPARO DE BALA,2017-09-09,2017,9
1004,13,MUJER,PRINCIPAL,Buenos Aires,ACUCHILLAMIENTO,2017-09-07,2017,9
1052,25,MUJER,PRINCIPAL,Buenos Aires,QUEMADURAS,2018-01-10,2018,1
1040,32,MUJER,PRINCIPAL,Buenos Aires,GOLPES,2017-12-02,2017,12
1062,34,TRANSGENERO,PRINCIPAL,Buenos Aires,DISPARO DE BALA,2017-12-29,2017,12
1068,26,MUJER,PRINCIPAL,Buenos Aires,DISPARO DE BALA,2017-03-07,2017,3
1006,31,MUJER,PRINCIPAL,Buenos Aires,DISPARO DE BALA,2017-09-17,2017,9
1071,53,MUJER,PRINCIPAL,Buenos Aires,ESTRANGULAMIENTO,2018-01-22,2018,1
1076,43,MUJER,PRINCIPAL,Buenos Aires,DISPARO DE BALA,2018-02-01,2018,2
1084,54,MUJER,PRINCIPAL,Buenos Aires,DEGOLLAMIENTO,2018-02-08,2018,2
1088,11,MUJER,PRINCIPAL,Buenos Aires,ABUSO SEXUAL,2018-02-25,2018,2
1091,23,MUJER,PRINCIPAL,Buenos Aires,QUEMADURAS,2018-02-28,2018,2
1090,31,MUJER,PRINCIPAL,Buenos Aires,DEGOLLAMIENTO,2018-03-02,2018,3
1096,20,MUJER,PRINCIPAL,Buenos Aires,OTROS,2013-02-10,2013,2
1097,30,MUJER,PRINCIPAL,Buenos Aires,DISPARO DE BALA,2018-03-25,2018,3
1103,23,MUJER,PRINCIPAL,Buenos Aires,ACUCHILLAMIENTO,2018-04-02,2018,4
1104,47,MUJER,PRINCIPAL,Buenos Aires,ACUCHILLAMIENTO,2016-09-14,2016,9
1105,30,MUJER,PRINCIPAL,Buenos Aires,DISPARO DE BALA,2018-03-25,2018,3
1106,21,MUJER,PRINCIPAL,Buenos Aires,ASFIXIA,2018-02-28,2018,2
1108,31,MUJER,PRINCIPAL,Buenos Aires,QUEMADURAS,2018-04-06,2018,4
1108,11,MUJER,VINCULADO,Buenos Aires,QUEMADURAS,2018-04-06,2018,4
1108,8,MUJER,VINCULADO,Buenos Aires,QUEMADURAS,2018-04-06,2018,4
1112,38,MUJER,PRINCIPAL,Buenos Aires,DISPARO DE BALA,2018-04-20,2018,4
1109,51,MUJER,PRINCIPAL,Buenos Aires,DISPARO DE BALA,2018-04-23,2018,4
1119,44,MUJER,PRINCIPAL,Buenos Aires,APUÑALAMIENTO,2018-05-10,2018,5
1120,60,MUJER,PRINCIPAL,Buenos Aires,ACUCHILLAMIENTO,2018-05-14,2018,5
1122,43,MUJER,PRINCIPAL,Buenos Aires,INDEFINIDO,2018-05-03,2018,5
1125,68,MUJER,PRINCIPAL,Buenos Aires,ESTRANGULAMIENTO,2018-06-03,2018,6
1128,58,MUJER,PRINCIPAL,Buenos Aires,INDEFINIDO,2016-12-29,2016,12
1131,33,MUJER,PRINCIPAL,Buenos Aires,INDEFINIDO,2018-05-28,2018,5
1136,35,MUJER,PRINCIPAL,Buenos Aires,ESTRANGULAMIENTO,2018-06-19,2018,6
1147,23,MUJER,PRINCIPAL,Buenos Aires,GOLPES,2017-11-22,2017,11
1149,44,MUJER,PRINCIPAL,Buenos Aires,ESTRANGULAMIENTO,2017-02-20,2017,2
1150,28,MUJER,PRINCIPAL,Buenos Aires,DEGOLLAMIENTO,2017-03-01,2017,3
1155,19,MUJER,PRINCIPAL,Buenos Aires,QUEMADURAS,2017-03-24,2017,3
1156,,TRANSGENERO,PRINCIPAL,Buenos Aires,DEGOLLAMIENTO,2017-07-05,2017,7
1169,28,MUJER,PRINCIPAL,Buenos Aires,ESTRANGULAMIENTO,2017-04-27,2017,4
970,18,HOMBRE,VINCULADO,Buenos Aires,DISPARO DE BALA,2017-07-15,2017,7
1168,25,MUJER,PRINCIPAL,Buenos Aires,QUEMADURAS,2016-11-20,2016,11
1159,16,MUJER,PRINCIPAL,Buenos Aires,AHORCAMIENTO,2017-07-17,2017,7
1166,60,MUJER,VINCULADO,Buenos Aires,QUEMADURAS,2017-07-20,2017,7
1166,20,MUJER,VINCULADO,Buenos Aires,QUEMADURAS,2017-07-20,2017,7
1164,24,MUJER,PRINCIPAL,Buenos Aires,QUEMADURAS,2017-04-25,2017,4
1166,23,HOMBRE,VINCULADO,Buenos Aires,QUEMADURAS,2017-07-20,2017,7
1142,35,MUJER,PRINCIPAL,Buenos Aires,DISPARO DE BALA,2016-12-14,2016,12
1166,1,MUJER,VINCULADO,Buenos Aires,QUEMADURAS,2017-07-20,2017,7
1170,25,MUJER,PRINCIPAL,Buenos Aires,DISPARO DE BALA,2017-10-07,2017,10
1171,2,MUJER,PRINCIPAL,Buenos Aires,GOLPES,2017-08-09,2017,8
1174,28,MUJER,PRINCIPAL,Buenos Aires,DISPARO DE BALA,2018-07-17,2018,7
1175,14,MUJER,PRINCIPAL,Buenos Aires,DISPARO DE BALA,2017-11-09,2017,11
1181,39,MUJER,PRINCIPAL,Buenos Aires,DISPARO DE BALA,2018-07-08,2018,7
1194,38,MUJER,PRINCIPAL,Buenos Aires,GOLPES,2017-01-11,2017,1
1185,21,MUJER,PRINCIPAL,Buenos Aires,ESTRANGULAMIENTO,2017-11-24,2017,11
1189,48,MUJER,PRINCIPAL,Buenos Aires,GOLPES,2018-06-18,2018,6
1195,20,MUJER,VINCULADO,Buenos Aires,ACUCHILLAMIENTO,2017-02-09,2017,2
1198,48,MUJER,VINCULADO,Buenos Aires,DISPARO DE BALA,2017-12-13,2017,12
1196,30,MUJER,PRINCIPAL,Buenos Aires,GOLPES,2017-12-24,2017,12
1200,28,MUJER,PRINCIPAL,Buenos Aires,AHOGAMIENTO,2018-01-13,2018,1
1201,19,MUJER,PRINCIPAL,Buenos Aires,GOLPES,2017-01-20,2017,1
1202,39,MUJER,PRINCIPAL,Buenos Aires,APUÑALAMIENTO,2016-08-10,2016,8
1206,33,MUJER,PRINCIPAL,Buenos Aires,GOLPES,2018-08-24,2018,8
1216,35,MUJER,PRINCIPAL,Buenos Aires,DISPARO DE BALA,2017-01-25,2017,1
1228,23,MUJER,PRINCIPAL,Buenos Aires,DISPARO DE BALA,2018-10-01,2018,10
1229,49,MUJER,PRINCIPAL,Buenos Aires,GOLPES,2018-10-03,2018,10
1234,10,MUJER,PRINCIPAL,Buenos Aires,ABUSO SEXUAL,2018-10-18,2018,10
1235,30,MUJER,PRINCIPAL,Buenos Aires,ACUCHILLAMIENTO,2018-10-14,2018,10
1240,25,MUJER,PRINCIPAL,Buenos Aires,Empalamiento,2018-10-14,2018,10
1244,37,MUJER,PRINCIPAL,Buenos Aires,APUÑALAMIENTO,2018-11-06,2018,11
1247,9,MUJER,PRINCIPAL,Buenos Aires,ABUSO SEXUAL,2018-10-25,2018,10
1250,39,MUJER,PRINCIPAL,Buenos Aires,GOLPES,2018-11-09,2018,11
1251,29,MUJER,PRINCIPAL,Buenos Aires,DISPARO DE BALA,2018-11-14,2018,11
1252,23,MUJER,PRINCIPAL,Buenos Aires,QUEMADURAS,2017-01-24,2017,1
1254,34,MUJER,PRINCIPAL,Buenos Aires,INDEFINIDO,2018-11-21,2018,11
1255,46,MUJER,PRINCIPAL,Buenos Aires,APUÑALAMIENTO,2018-12-09,2018,12
1256,56,MUJER,PRINCIPAL,Buenos Aires,GOLPES,2018-12-09,2018,12
1258,61,MUJER,PRINCIPAL,Buenos Aires,ACUCHILLAMIENTO,2019-01-06,2019,1
1261,51,MUJER,PRINCIPAL,Buenos Aires,GOLPES,2018-12-16,2018,12
265,12,MUJER,PRINCIPAL,Buenos Aires,ASFIXIA,2014-02-23,2014,2
418,37,MUJER,VINCULADO,Buenos Aires,INDEFINIDO,2014-11-26,2014,11
418,61,MUJER,PRINCIPAL,Buenos Aires,INDEFINIDO,2014-11-26,2014,11
419,14,MUJER,PRINCIPAL,Buenos Aires,DISPARO DE BALA,,,
427,40,MUJER,PRINCIPAL,Buenos Aires,DEGOLLAMIENTO,2015-11-19,2015,11
428,26,MUJER,PRINCIPAL,Buenos Aires,INDEFINIDO,2013-01-30,2013,1
444,39,MUJER,PRINCIPAL,Buenos Aires,ACUCHILLAMIENTO,2015-08-24,2015,8
445,52,MUJER,PRINCIPAL,Buenos Aires,GOLPES,2015-07-31,2015,7
446,35,MUJER,PRINCIPAL,Buenos Aires,DISPARO DE BALA,2015-08-25,2015,8
446,35,MUJER,VINCULADO,Buenos Aires,DISPARO DE BALA,2015-08-25,2015,8
448,33,MUJER,PRINCIPAL,Buenos Aires,OTROS,2015-08-22,2015,8
450,51,MUJER,PRINCIPAL,Buenos Aires,DISPARO DE BALA,2015-08-31,2015,8
456,15,MUJER,PRINCIPAL,Buenos Aires,DISPARO DE BALA,2015-05-21,2015,5
457,15,,VINCULADO,Buenos Aires,ASFIXIA,2015-03-27,2015,3
458,36,MUJER,PRINCIPAL,Buenos Aires,ACUCHILLAMIENTO,2013-05-01,2013,5
459,,MUJER,PRINCIPAL,Buenos Aires,DISPARO DE BALA,2014-02-06,2014,2
461,25,MUJER,PRINCIPAL,Buenos Aires,GOLPES,2013-10-25,2013,10
765,26,MUJER,PRINCIPAL,Buenos Aires,OTROS,2016-11-13,2016,11
762,34,MUJER,PRINCIPAL,Buenos Aires,DISPARO DE BALA,2016-11-14,2016,11
758,16,MUJER,PRINCIPAL,Buenos Aires,ACUCHILLAMIENTO,2016-11-24,2016,11
774,18,MUJER,PRINCIPAL,Buenos Aires,ACUCHILLAMIENTO,2016-12-06,2016,12
776,31,MUJER,PRINCIPAL,Buenos Aires,ACUCHILLAMIENTO,2016-12-02,2016,12
779,49,MUJER,PRINCIPAL,Buenos Aires,ACUCHILLAMIENTO,2016-12-02,2016,12
779,30,MUJER,VINCULADO,Buenos Aires,ACUCHILLAMIENTO,2016-12-02,2016,12
854,36,MUJER,PRINCIPAL,Buenos Aires,ESTRANGULAMIENTO,2017-03-21,2017,3
860,43,MUJER,PRINCIPAL,Buenos Aires,GOLPES,2017-03-30,2017,3
861,36,MUJER,PRINCIPAL,Buenos Aires,INDEFINIDO,2017-03-31,2017,3
892,23,MUJER,PRINCIPAL,Buenos Aires,ACUCHILLAMIENTO,2015-11-23,2015,11
894,22,MUJER,PRINCIPAL,Buenos Aires,DESCUARTIZAMIENTO,2017-04-02,2017,4
911,50,MUJER,PRINCIPAL,Buenos Aires,ACUCHILLAMIENTO,2015-12-14,2015,12
884,1,MUJER,PRINCIPAL,Buenos Aires,ABUSO SEXUAL,2017-04-15,2017,4
899,15,MUJER,PRINCIPAL,Buenos Aires,ACUCHILLAMIENTO,2017-05-04,2017,5
907,,MUJER,PRINCIPAL,Buenos Aires,AHORCAMIENTO,2017-05-07,2017,5
998,19,MUJER,PRINCIPAL,Buenos Aires,ACUCHILLAMIENTO,2017-09-09,2017,9
995,0,MUJER,PRINCIPAL,Buenos Aires,ABUSO SEXUAL,2017-09-05,2017,9
1009,40,MUJER,PRINCIPAL,Buenos Aires,ESTRANGULAMIENTO,2017-09-30,2017,9
1011,51,MUJER,PRINCIPAL,Buenos Aires,DISPARO DE BALA,2017-09-30,2017,9
1012,25,MUJER,PRINCIPAL,Buenos Aires,ACUCHILLAMIENTO,2017-10-06,2017,10
1024,23,MUJER,PRINCIPAL,Buenos Aires,ASFIXIA,2017-10-29,2017,10
1019,37,MUJER,PRINCIPAL,Buenos Aires,ACUCHILLAMIENTO,2017-10-23,2017,10
1045,74,MUJER,PRINCIPAL,Buenos Aires,DISPARO DE BALA,2017-09-20,2017,9
1027,26,MUJER,PRINCIPAL,Buenos Aires,ACUCHILLAMIENTO,2017-11-11,2017,11
1030,36,MUJER,PRINCIPAL,Buenos Aires,ACUCHILLAMIENTO,2015-11-15,2015,11
1029,36,,PRINCIPAL,Buenos Aires,ASFIXIA,2014-03-28,2014,3
1034,19,MUJER,PRINCIPAL,Buenos Aires,DISPARO DE BALA,2017-12-06,2017,12
1035,75,MUJER,PRINCIPAL,Buenos Aires,ACUCHILLAMIENTO,2017-12-06,2017,12
1038,32,MUJER,PRINCIPAL,Buenos Aires,ACUCHILLAMIENTO,2017-12-11,2017,12
1041,64,MUJER,PRINCIPAL,Buenos Aires,ACUCHILLAMIENTO,2017-12-08,2017,12
1043,42,MUJER,PRINCIPAL,Buenos Aires,ASFIXIA,2017-12-08,2017,12
1049,52,MUJER,PRINCIPAL,Buenos Aires,ESTRANGULAMIENTO,2017-12-19,2017,12
3,23,MUJER,PRINCIPAL,Catamarca,GOLPES,2013-03-05,2013,3
261,20,MUJER,PRINCIPAL,Catamarca,GOLPES,2013-10-04,2013,10
359,,MUJER,PRINCIPAL,Catamarca,ACUCHILLAMIENTO,2013-01-29,2013,1
361,,MUJER,PRINCIPAL,Catamarca,QUEMADURAS,2013-03-31,2013,3
363,13,MUJER,PRINCIPAL,Catamarca,ESTRANGULAMIENTO,2013-12-14,2013,12
633,44,MUJER,PRINCIPAL,Catamarca,ACUCHILLAMIENTO,2016-04-24,2016,4
1014,29,MUJER,PRINCIPAL,Catamarca,AHORCAMIENTO,2017-10-09,2017,10
1036,1,HOMBRE,VINCULADO,Catamarca,QUEMADURAS,2017-11-27,2017,11
909,36,MUJER,PRINCIPAL,Catamarca,ACUCHILLAMIENTO,2017-05-14,2017,5
1002,47,MUJER,PRINCIPAL,Catamarca,DISPARO DE BALA,2017-09-12,2017,9
1036,22,MUJER,PRINCIPAL,Catamarca,QUEMADURAS,2017-11-27,2017,11
19,33,MUJER,PRINCIPAL,Chaco,ACUCHILLAMIENTO,2014-10-09,2014,10
95,38,MUJER,PRINCIPAL,Chaco,ACUCHILLAMIENTO,2013-03-26,2013,3
178,52,MUJER,PRINCIPAL,Chaco,GOLPES,2013-05-22,2013,5
252,41,MUJER,VINCULADO,Chaco,ACUCHILLAMIENTO,2013-10-26,2013,10
258,23,MUJER,PRINCIPAL,Chaco,ESTRANGULAMIENTO,2014-02-20,2014,2
259,25,MUJER,PRINCIPAL,Chaco,DISPARO DE BALA,2014-04-16,2014,4
272,25,MUJER,PRINCIPAL,Chaco,ASFIXIA,2015-01-01,2015,1
275,71,MUJER,PRINCIPAL,Chaco,GOLPES,2015-04-22,2015,4
266,,MUJER,PRINCIPAL,Chaco,GOLPES,2014-07-07,2014,7
251,19,MUJER,PRINCIPAL,Chaco,ACUCHILLAMIENTO,2013-10-14,2013,10
253,,MUJER,PRINCIPAL,Chaco,ACUCHILLAMIENTO,2013-11-01,2013,11
263,18,MUJER,PRINCIPAL,Chaco,INDEFINIDO,2014-04-30,2014,4
255,17,MUJER,PRINCIPAL,Chaco,DISPARO DE BALA,2014-01-24,2014,1
270,22,MUJER,PRINCIPAL,Chaco,DISPARO DE BALA,2014-10-13,2014,10
274,40,MUJER,PRINCIPAL,Chaco,ACUCHILLAMIENTO,2015-04-01,2015,4
279,17,MUJER,PRINCIPAL,Chaco,GOLPES,2015-06-17,2015,6
260,50,TRANSGENERO,PRINCIPAL,Chaco,GOLPES,2014-04-23,2014,4
171,32,MUJER,PRINCIPAL,Chaco,GOLPES,2015-05-01,2015,5
254,27,MUJER,PRINCIPAL,Chaco,ACUCHILLAMIENTO,2014-01-13,2014,1
504,,MUJER,PRINCIPAL,Chaco,QUEMADURAS,,,
542,16,MUJER,PRINCIPAL,Chaco,GOLPES,2015-12-06,2015,12
557,35,MUJER,PRINCIPAL,Chaco,DISPARO DE BALA,2015-11-23,2015,11
559,19,MUJER,PRINCIPAL,Chaco,ACUCHILLAMIENTO,2015-11-22,2015,11
584,38,MUJER,PRINCIPAL,Chaco,APUÑALAMIENTO,2016-02-10,2016,2
663,56,MUJER,PRINCIPAL,Chaco,QUEMADURAS,2016-06-20,2016,6
699,21,MUJER,PRINCIPAL,Chaco,OTROS,2016-08-14,2016,8
786,16,MUJER,PRINCIPAL,Chaco,INDEFINIDO,2016-12-18,2016,12
810,23,MUJER,PRINCIPAL,Chaco,ACUCHILLAMIENTO,2014-02-20,2014,2
910,50,MUJER,PRINCIPAL,Chaco,DEGOLLAMIENTO,2017-05-14,2017,5
901,18,MUJER,PRINCIPAL,Chaco,ACUCHILLAMIENTO,2017-02-23,2017,2
61,15,MUJER,PRINCIPAL,Chaco,INDEFINIDO,2013-06-30,2013,6
937,25,MUJER,PRINCIPAL,Chaco,ASFIXIA,2017-06-27,2017,6
966,13,MUJER,PRINCIPAL,Chaco,DISPARO DE BALA,2017-07-14,2017,7
1050,25,MUJER,PRINCIPAL,Chaco,ACUCHILLAMIENTO,2017-09-23,2017,9
1107,18,MUJER,PRINCIPAL,Chaco,DEGOLLAMIENTO,2018-04-15,2018,4
1107,22,MUJER,PRINCIPAL,Chaco,DEGOLLAMIENTO,2018-04-15,2018,4
1115,38,MUJER,PRINCIPAL,Chaco,INDEFINIDO,2018-04-21,2018,4
1116,20,MUJER,PRINCIPAL,Chaco,APUÑALAMIENTO,2018-01-29,2018,1
1238,19,MUJER,PRINCIPAL,Chaco,ACUCHILLAMIENTO,2018-10-13,2018,10
264,28,MUJER,PRINCIPAL,Chaco,GOLPES,2014-05-03,2014,5
267,18,MUJER,PRINCIPAL,Chaco,ACUCHILLAMIENTO,2014-09-08,2014,9
249,34,MUJER,PRINCIPAL,Chaco,DISPARO DE BALA,2013-02-17,2013,2
269,43,MUJER,PRINCIPAL,Chaco,DISPARO DE BALA,2014-10-11,2014,10
250,41,MUJER,PRINCIPAL,Chaco,DISPARO DE BALA,2013-09-02,2013,9
252,21,MUJER,PRINCIPAL,Chaco,ACUCHILLAMIENTO,2013-10-26,2013,10
1020,22,MUJER,PRINCIPAL,Chaco,GOLPES,2017-10-24,2017,10
1057,41,MUJER,PRINCIPAL,Chaco,DISPARO DE BALA,2017-12-13,2017,12
79,26,MUJER,PRINCIPAL,Chubut,APUÑALAMIENTO,2013-01-27,2013,1
80,25,MUJER,PRINCIPAL,Chubut,DISPARO DE BALA,2013-06-21,2013,6
81,,MUJER,PRINCIPAL,Chubut,DISPARO DE BALA,2013-09-08,2013,9
125,48,MUJER,PRINCIPAL,Chubut,DISPARO DE BALA,2014-11-23,2014,11
126,17,MUJER,VINCULADO,Chubut,DISPARO DE BALA,2014-11-23,2014,11
126,15,HOMBRE,VINCULADO,Chubut,DISPARO DE BALA,2014-11-23,2014,11
329,11,MUJER,PRINCIPAL,Chubut,ESTRANGULAMIENTO,2013-09-02,2013,9
487,60,MUJER,PRINCIPAL,Chubut,DISPARO DE BALA,2015-06-03,2015,6
619,38,MUJER,PRINCIPAL,Chubut,AHORCAMIENTO,2015-03-23,2015,3
651,25,MUJER,PRINCIPAL,Chubut,GOLPES,2016-05-17,2016,5
707,21,MUJER,PRINCIPAL,Chubut,ACUCHILLAMIENTO,2016-08-28,2016,8
725,26,HOMBRE,VINCULADO,Chubut,DISPARO DE BALA,2016-09-13,2016,9
725,54,MUJER,VINCULADO,Chubut,DISPARO DE BALA,2016-09-13,2016,9
725,14,MUJER,VINCULADO,Chubut,DISPARO DE BALA,2016-09-13,2016,9
820,28,MUJER,PRINCIPAL,Chubut,GOLPES,2017-01-27,2017,1
946,27,MUJER,PRINCIPAL,Chubut,ACUCHILLAMIENTO,2017-07-03,2017,7
1081,38,MUJER,PRINCIPAL,Chubut,QUEMADURAS,2018-02-05,2018,2
1132,25,MUJER,PRINCIPAL,Chubut,APUÑALAMIENTO,2018-06-14,2018,6
1144,37,MUJER,PRINCIPAL,Chubut,DISPARO DE BALA,2018-07-08,2018,7
778,40,MUJER,PRINCIPAL,Chubut,DEGOLLAMIENTO,2016-12-08,2016,12
1025,30,MUJER,PRINCIPAL,Chubut,AHORCAMIENTO,2016-01-24,2016,1
402,7,HOMBRE,VINCULADO,Cordoba,ACUCHILLAMIENTO,2015-08-04,2015,8
565,46,MUJER,PRINCIPAL,Cordoba,QUEMADURAS,2016-01-22,2016,1
31,41,MUJER,PRINCIPAL,Cordoba,ACUCHILLAMIENTO,2014-07-23,2014,7
20,34,MUJER,PRINCIPAL,Cordoba,ACUCHILLAMIENTO,2014-09-13,2014,9
22,33,MUJER,PRINCIPAL,Cordoba,ACUCHILLAMIENTO,2014-12-11,2014,12
30,40,MUJER,PRINCIPAL,Cordoba,INDEFINIDO,2014-12-02,2014,12
27,33,MUJER,PRINCIPAL,Cordoba,ACUCHILLAMIENTO,2014-10-20,2014,10
932,20,MUJER,PRINCIPAL,Cordoba,DISPARO DE BALA,2017-06-22,2017,6
33,29,MUJER,PRINCIPAL,Cordoba,INDEFINIDO,2014-02-16,2014,2
32,,MUJER,PRINCIPAL,Cordoba,INDEFINIDO,2014-05-16,2014,5
26,,MUJER,PRINCIPAL,Cordoba,INDEFINIDO,2014-10-20,2014,10
29,34,MUJER,PRINCIPAL,Cordoba,INDEFINIDO,2015-01-28,2015,1
34,31,MUJER,PRINCIPAL,Cordoba,INDEFINIDO,2015-01-15,2015,1
104,35,MUJER,PRINCIPAL,Cordoba,DISPARO DE BALA,2013-09-26,2013,9
102,44,MUJER,PRINCIPAL,Cordoba,ACUCHILLAMIENTO,2014-04-15,2014,4
105,51,MUJER,PRINCIPAL,Cordoba,ACUCHILLAMIENTO,2015-05-21,2015,5
96,21,MUJER,PRINCIPAL,Cordoba,QUEMADURAS,2013-01-01,2013,1
97,24,MUJER,PRINCIPAL,Cordoba,DISPARO DE BALA,2013-03-24,2013,3
98,35,MUJER,PRINCIPAL,Cordoba,DISPARO DE BALA,2014-01-26,2014,1
100,51,MUJER,PRINCIPAL,Cordoba,ACUCHILLAMIENTO,2014-01-18,2014,1
147,50,MUJER,PRINCIPAL,Cordoba,DISPARO DE BALA,2015-04-10,2015,4
141,36,MUJER,PRINCIPAL,Cordoba,ACUCHILLAMIENTO,2014-12-28,2014,12
142,51,MUJER,PRINCIPAL,Cordoba,ASFIXIA,2015-02-03,2015,2
144,21,MUJER,PRINCIPAL,Cordoba,DISPARO DE BALA,2013-03-17,2013,3
146,43,MUJER,PRINCIPAL,Cordoba,ACUCHILLAMIENTO,2015-03-30,2015,3
138,41,MUJER,PRINCIPAL,Cordoba,ACUCHILLAMIENTO,,,
139,42,MUJER,PRINCIPAL,Cordoba,GOLPES,2014-06-29,2014,6
176,47,MUJER,PRINCIPAL,Cordoba,ACUCHILLAMIENTO,2013-02-08,2013,2
21,36,MUJER,PRINCIPAL,Cordoba,ACUCHILLAMIENTO,2014-09-21,2014,9
187,34,TRANSGENERO,PRINCIPAL,Cordoba,ASFIXIA,2015-07-25,2015,7
351,25,MUJER,PRINCIPAL,Cordoba,ESTRANGULAMIENTO,2013-02-20,2013,2
354,46,MUJER,VINCULADO,Cordoba,ACUCHILLAMIENTO,2013-03-12,2013,3
352,34,MUJER,PRINCIPAL,Cordoba,INDEFINIDO,2013-03-03,2013,3
350,78,MUJER,PRINCIPAL,Cordoba,DISPARO DE BALA,2013-02-06,2013,2
372,22,MUJER,PRINCIPAL,Cordoba,OTROS,2013-06-30,2013,6
390,,MUJER,PRINCIPAL,Cordoba,GOLPES,2013-02-11,2013,2
402,4,HOMBRE,VINCULADO,Cordoba,ACUCHILLAMIENTO,2015-08-04,2015,8
411,47,MUJER,PRINCIPAL,Cordoba,ACUCHILLAMIENTO,2013-06-08,2013,6
413,31,MUJER,PRINCIPAL,Cordoba,ASFIXIA,2013-05-07,2013,5
414,40,MUJER,PRINCIPAL,Cordoba,QUEMADURAS,2013-11-24,2013,11
416,16,MUJER,PRINCIPAL,Cordoba,DISPARO DE BALA,2013-12-12,2013,12
544,22,MUJER,PRINCIPAL,Cordoba,GOLPES,2015-12-06,2015,12
537,26,MUJER,PRINCIPAL,Cordoba,APUÑALAMIENTO,2015-10-23,2015,10
564,37,MUJER,PRINCIPAL,Cordoba,GOLPES,2016-01-22,2016,1
567,16,MUJER,PRINCIPAL,Cordoba,DISPARO DE BALA,2016-01-16,2016,1
609,26,MUJER,PRINCIPAL,Cordoba,DISPARO DE BALA,2016-03-13,2016,3
615,34,MUJER,PRINCIPAL,Cordoba,ASFIXIA,2015-03-04,2015,3
623,21,MUJER,PRINCIPAL,Cordoba,INDEFINIDO,2015-03-27,2015,3
625,44,MUJER,PRINCIPAL,Cordoba,APUÑALAMIENTO,2016-03-31,2016,3
638,43,MUJER,PRINCIPAL,Cordoba,APUÑALAMIENTO,2016-04-27,2016,4
645,44,MUJER,PRINCIPAL,Cordoba,INDEFINIDO,2016-05-03,2016,5
646,30,MUJER,PRINCIPAL,Cordoba,DISPARO DE BALA,2016-05-06,2016,5
665,26,MUJER,PRINCIPAL,Cordoba,ESTRANGULAMIENTO,2016-06-22,2016,6
675,50,MUJER,PRINCIPAL,Cordoba,DISPARO DE BALA,2016-07-07,2016,7
676,17,MUJER,PRINCIPAL,Cordoba,DISPARO DE BALA,2016-07-10,2016,7
688,49,HOMBRE,VINCULADO,Cordoba,DISPARO DE BALA,2014-09-04,2014,9
689,31,MUJER,PRINCIPAL,Cordoba,DISPARO DE BALA,2016-07-25,2016,7
702,0,MUJER,VINCULADO,Cordoba,GOLPES,2016-08-06,2016,8
742,22,MUJER,PRINCIPAL,Cordoba,INDEFINIDO,2016-10-14,2016,10
743,41,MUJER,PRINCIPAL,Cordoba,ACUCHILLAMIENTO,2016-10-12,2016,10
749,34,MUJER,PRINCIPAL,Cordoba,DISPARO DE BALA,2016-10-14,2016,10
753,43,MUJER,PRINCIPAL,Cordoba,ACUCHILLAMIENTO,2016-10-23,2016,10
782,40,MUJER,PRINCIPAL,Cordoba,INDEFINIDO,2014-01-24,2014,1
101,34,MUJER,PRINCIPAL,Cordoba,INDEFINIDO,2014-05-19,2014,5
808,34,MUJER,PRINCIPAL,Cordoba,ACUCHILLAMIENTO,2017-01-15,2017,1
846,48,MUJER,PRINCIPAL,Cordoba,DISPARO DE BALA,2017-03-13,2017,3
843,36,MUJER,PRINCIPAL,Cordoba,DISPARO DE BALA,2017-03-05,2017,3
845,53,MUJER,PRINCIPAL,Cordoba,GOLPES,2017-03-10,2017,3
868,19,MUJER,PRINCIPAL,Cordoba,INDEFINIDO,2017-04-08,2017,4
876,24,HOMBRE,VINCULADO,Cordoba,ACUCHILLAMIENTO,2016-05-24,2016,5
893,21,MUJER,PRINCIPAL,Cordoba,ESTRANGULAMIENTO,2017-04-22,2017,4
919,46,MUJER,PRINCIPAL,Cordoba,DESCUARTIZAMIENTO,2017-05-28,2017,5
643,19,MUJER,PRINCIPAL,Cordoba,GOLPES,2016-04-28,2016,4
927,46,MUJER,PRINCIPAL,Cordoba,DESCUARTIZAMIENTO,2017-06-17,2017,6
929,46,MUJER,PRINCIPAL,Cordoba,DISPARO DE BALA,2017-03-15,2017,3
964,66,MUJER,PRINCIPAL,Cordoba,DISPARO DE BALA,2017-07-15,2017,7
143,35,MUJER,PRINCIPAL,Cordoba,ESTRANGULAMIENTO,2015-03-11,2015,3
965,27,MUJER,VINCULADO,Cordoba,DISPARO DE BALA,2017-07-14,2017,7
545,45,MUJER,PRINCIPAL,Cordoba,GOLPES,2015-12-13,2015,12
947,30,MUJER,PRINCIPAL,Cordoba,APUÑALAMIENTO,2016-10-30,2016,10
980,41,MUJER,PRINCIPAL,Cordoba,ACUCHILLAMIENTO,2017-08-07,2017,8
992,22,MUJER,PRINCIPAL,Cordoba,ACUCHILLAMIENTO,2016-09-02,2016,9
1070,4,MUJER,PRINCIPAL,Cordoba,ABUSO SEXUAL,2018-01-15,2018,1
1086,14,MUJER,PRINCIPAL,Cordoba,DISPARO DE BALA,2018-02-10,2018,2
1110,50,MUJER,PRINCIPAL,Cordoba,APUÑALAMIENTO,2018-05-02,2018,5
440,21,MUJER,PRINCIPAL,Cordoba,ACUCHILLAMIENTO,2013-05-03,2013,5
994,20,MUJER,PRINCIPAL,Cordoba,APUÑALAMIENTO,2017-08-27,2017,8
1118,57,MUJER,PRINCIPAL,Cordoba,DISPARO DE BALA,2018-04-18,2018,4
1121,38,MUJER,PRINCIPAL,Cordoba,ABUSO SEXUAL,2018-05-18,2018,5
1127,40,MUJER,PRINCIPAL,Cordoba,DISPARO DE BALA,2018-06-05,2018,6
1139,43,MUJER,VINCULADO,Cordoba,INDEFINIDO,2018-06-28,2018,6
1139,21,HOMBRE,VINCULADO,Cordoba,DISPARO DE BALA,2018-06-28,2018,6
1172,62,MUJER,PRINCIPAL,Cordoba,ESTRANGULAMIENTO,2017-05-19,2017,5
1160,5,MUJER,PRINCIPAL,Cordoba,ABUSO SEXUAL,2017-07-19,2017,7
1192,47,MUJER,PRINCIPAL,Cordoba,DISPARO DE BALA,2017-12-22,2017,12
1204,38,MUJER,PRINCIPAL,Cordoba,GOLPES,2018-08-25,2018,8
1205,15,MUJER,PRINCIPAL,Cordoba,GOLPES,2018-08-24,2018,8
1210,20,MUJER,PRINCIPAL,Cordoba,DISPARO DE BALA,2018-09-16,2018,9
1210,54,MUJER,PRINCIPAL,Cordoba,DISPARO DE BALA,2018-09-16,2018,9
1217,32,MUJER,PRINCIPAL,Cordoba,ESTRANGULAMIENTO,2018-03-26,2018,3
1219,90,MUJER,PRINCIPAL,Cordoba,ACUCHILLAMIENTO,2016-11-04,2016,11
1220,39,MUJER,PRINCIPAL,Cordoba,DISPARO DE BALA,2018-09-11,2018,9
1239,56,MUJER,PRINCIPAL,Cordoba,ESTRANGULAMIENTO,2018-10-15,2018,10
1248,17,MUJER,PRINCIPAL,Cordoba,ABUSO SEXUAL,2018-11-04,2018,11
1260,24,MUJER,PRINCIPAL,Cordoba,ABUSO SEXUAL,2019-01-07,2019,1
420,35,MUJER,PRINCIPAL,Cordoba,ACUCHILLAMIENTO,2013-10-26,2013,10
421,50,MUJER,PRINCIPAL,Cordoba,ACUCHILLAMIENTO,2012-12-17,2012,12
423,43,MUJER,PRINCIPAL,Cordoba,ACUCHILLAMIENTO,2013-03-08,2013,3
424,29,MUJER,PRINCIPAL,Cordoba,ACUCHILLAMIENTO,2013-06-18,2013,6
429,24,MUJER,PRINCIPAL,Cordoba,GOLPES,2013-11-16,2013,11
431,67,MUJER,PRINCIPAL,Cordoba,GOLPES,2013-07-28,2013,7
435,27,MUJER,PRINCIPAL,Cordoba,ASFIXIA,2013-12-19,2013,12
439,32,MUJER,PRINCIPAL,Cordoba,ACUCHILLAMIENTO,2013-04-21,2013,4
435,27,MUJER,VINCULADO,Cordoba,ASFIXIA,2013-12-19,2013,12
436,10,,VINCULADO,Cordoba,DISPARO DE BALA,2013-11-05,2013,11
436,12,,VINCULADO,Cordoba,DISPARO DE BALA,2013-11-05,2013,11
437,32,MUJER,PRINCIPAL,Cordoba,ACUCHILLAMIENTO,2012-12-16,2012,12
438,23,MUJER,PRINCIPAL,Cordoba,DISPARO DE BALA,2013-12-02,2013,12
357,25,MUJER,PRINCIPAL,Cordoba,INDEFINIDO,2013-02-12,2013,2
433,42,MUJER,PRINCIPAL,Cordoba,ACUCHILLAMIENTO,2013-12-04,2013,12
447,25,MUJER,PRINCIPAL,Cordoba,GOLPES,2015-08-24,2015,8
770,28,MUJER,PRINCIPAL,Cordoba,ACUCHILLAMIENTO,2016-12-01,2016,12
777,24,MUJER,PRINCIPAL,Cordoba,ESTRANGULAMIENTO,2016-11-28,2016,11
904,50,MUJER,PRINCIPAL,Cordoba,ACUCHILLAMIENTO,2017-05-09,2017,5
906,17,MUJER,PRINCIPAL,Cordoba,ATROPELLAMIENTO,2017-04-26,2017,4
1016,26,TRANSGENERO,PRINCIPAL,Cordoba,ACUCHILLAMIENTO,2017-10-18,2017,10
1010,35,MUJER,PRINCIPAL,Cordoba,DEGOLLAMIENTO,2017-09-29,2017,9
1015,43,MUJER,PRINCIPAL,Cordoba,GOLPES,2017-10-17,2017,10
1055,53,MUJER,PRINCIPAL,Cordoba,DISPARO DE BALA,2017-12-25,2017,12
1044,42,MUJER,PRINCIPAL,Cordoba,DISPARO DE BALA,2017-12-19,2017,12
1037,20,MUJER,PRINCIPAL,Cordoba,DISPARO DE BALA,2017-12-08,2017,12
35,32,MUJER,PRINCIPAL,Corrientes,INDEFINIDO,2014-09-06,2014,9
108,16,MUJER,PRINCIPAL,Corrientes,ASFIXIA,2015-05-21,2015,5
107,31,MUJER,PRINCIPAL,Corrientes,GOLPES,2013-05-14,2013,5
106,52,MUJER,PRINCIPAL,Corrientes,QUEMADURAS,2013-12-02,2013,12
168,44,MUJER,PRINCIPAL,Corrientes,ACUCHILLAMIENTO,2015-03-15,2015,3
179,22,MUJER,PRINCIPAL,Corrientes,GOLPES,2015-04-09,2015,4
273,43,MUJER,PRINCIPAL,Corrientes,DISPARO DE BALA,2014-02-14,2014,2
304,16,MUJER,VINCULADO,Corrientes,INDEFINIDO,2015-06-03,2015,6
336,40,MUJER,PRINCIPAL,Corrientes,DISPARO DE BALA,2014-12-13,2014,12
317,17,MUJER,PRINCIPAL,Corrientes,INDEFINIDO,2015-03-18,2015,3
381,29,MUJER,PRINCIPAL,Corrientes,DISPARO DE BALA,2015-01-18,2015,1
473,46,MUJER,PRINCIPAL,Corrientes,GOLPES,2015-08-27,2015,8
499,39,MUJER,PRINCIPAL,Corrientes,ACUCHILLAMIENTO,,,
560,19,MUJER,PRINCIPAL,Corrientes,ESTRANGULAMIENTO,2016-01-13,2016,1
705,37,MUJER,PRINCIPAL,Corrientes,ACUCHILLAMIENTO,2016-08-19,2016,8
787,49,MUJER,PRINCIPAL,Corrientes,QUEMADURAS,2016-10-09,2016,10
276,39,MUJER,PRINCIPAL,Corrientes,ACUCHILLAMIENTO,2015-06-18,2015,6
828,40,MUJER,PRINCIPAL,Corrientes,QUEMADURAS,2017-02-01,2017,2
872,10,MUJER,PRINCIPAL,Corrientes,ABUSO SEXUAL,2017-04-04,2017,4
975,67,MUJER,VINCULADO,Corrientes,DISPARO DE BALA,2017-07-25,2017,7
977,27,MUJER,PRINCIPAL,Corrientes,GOLPES,2017-07-28,2017,7
1065,50,MUJER,PRINCIPAL,Corrientes,OTROS,2017-12-24,2017,12
1067,16,MUJER,PRINCIPAL,Corrientes,ABUSO SEXUAL,2018-01-02,2018,1
1082,27,MUJER,PRINCIPAL,Corrientes,ACUCHILLAMIENTO,2018-02-04,2018,2
1134,38,MUJER,PRINCIPAL,Corrientes,APUÑALAMIENTO,2018-06-17,2018,6
1138,19,MUJER,PRINCIPAL,Corrientes,GOLPES,2018-06-11,2018,6
1154,67,MUJER,PRINCIPAL,Corrientes,ABUSO SEXUAL,2017-03-21,2017,3
1163,23,MUJER,PRINCIPAL,Corrientes,ACUCHILLAMIENTO,2017-09-03,2017,9
1231,58,MUJER,PRINCIPAL,Corrientes,ACUCHILLAMIENTO,2018-10-27,2018,10
1245,40,MUJER,PRINCIPAL,Corrientes,GOLPES,2018-10-05,2018,10
1246,58,MUJER,PRINCIPAL,Corrientes,APUÑALAMIENTO,0208-10-29,208,10
232,48,MUJER,PRINCIPAL,Corrientes,DEGOLLAMIENTO,2013-05-01,2013,5
463,3,,VINCULADO,Corrientes,DISPARO DE BALA,2013-05-30,2013,5
463,7,,VINCULADO,Corrientes,DISPARO DE BALA,2013-05-30,2013,5
887,44,MUJER,PRINCIPAL,Corrientes,GOLPES,2015-03-16,2015,3
38,22,MUJER,PRINCIPAL,Entre Ríos,GOLPES,2014-10-24,2014,10
36,10,HOMBRE,VINCULADO,Entre Ríos,DISPARO DE BALA,2014-09-28,2014,9
116,32,MUJER,PRINCIPAL,Entre Ríos,GOLPES,2014-11-02,2014,11
114,36,,PRINCIPAL,Entre Ríos,DISPARO DE BALA,2014-07-03,2014,7
111,30,MUJER,PRINCIPAL,Entre Ríos,ACUCHILLAMIENTO,2014-04-10,2014,4
110,24,MUJER,PRINCIPAL,Entre Ríos,ACUCHILLAMIENTO,2014-03-10,2014,3
115,38,,PRINCIPAL,Entre Ríos,ACUCHILLAMIENTO,2014-07-31,2014,7
112,47,MUJER,PRINCIPAL,Entre Ríos,AHORCAMIENTO,2014-02-27,2014,2
122,23,MUJER,PRINCIPAL,Entre Ríos,DISPARO DE BALA,2014-04-01,2014,4
313,46,MUJER,PRINCIPAL,Entre Ríos,DISPARO DE BALA,2015-02-07,2015,2
368,23,MUJER,PRINCIPAL,Entre Ríos,ESTRANGULAMIENTO,2013-02-11,2013,2
373,15,MUJER,PRINCIPAL,Entre Ríos,DISPARO DE BALA,2013-08-18,2013,8
472,48,MUJER,PRINCIPAL,Entre Ríos,DISPARO DE BALA,2013-10-29,2013,10
467,41,MUJER,PRINCIPAL,Entre Ríos,ACUCHILLAMIENTO,2013-08-28,2013,8
469,19,MUJER,PRINCIPAL,Entre Ríos,DISPARO DE BALA,2013-03-24,2013,3
113,25,MUJER,PRINCIPAL,Entre Ríos,ESTRANGULAMIENTO,2014-05-18,2014,5
585,31,HOMBRE,VINCULADO,Entre Ríos,APUÑALAMIENTO,2016-02-10,2016,2
588,21,MUJER,PRINCIPAL,Entre Ríos,APUÑALAMIENTO,2016-02-07,2016,2
644,62,MUJER,PRINCIPAL,Entre Ríos,INDEFINIDO,2016-04-28,2016,4
649,18,MUJER,PRINCIPAL,Entre Ríos,ESTRANGULAMIENTO,2016-04-22,2016,4
682,23,MUJER,PRINCIPAL,Entre Ríos,GOLPES,2013-02-12,2013,2
759,45,MUJER,PRINCIPAL,Entre Ríos,DISPARO DE BALA,2016-11-05,2016,11
760,5,MUJER,VINCULADO,Entre Ríos,APUÑALAMIENTO,2016-11-07,2016,11
760,7,MUJER,PRINCIPAL,Entre Ríos,APUÑALAMIENTO,2016-11-07,2016,11
792,70,HOMBRE,VINCULADO,Entre Ríos,ACUCHILLAMIENTO,2016-12-25,2016,12
841,35,MUJER,PRINCIPAL,Entre Ríos,GOLPES,2017-02-28,2017,2
555,20,MUJER,PRINCIPAL,Entre Ríos,DESCUARTIZAMIENTO,2015-12-22,2015,12
866,21,MUJER,PRINCIPAL,Entre Ríos,ESTRANGULAMIENTO,2017-04-01,2017,4
958,38,MUJER,PRINCIPAL,Entre Ríos,ACUCHILLAMIENTO,2017-07-12,2017,7
468,,HOMBRE,VINCULADO,Entre Ríos,DISPARO DE BALA,2013-01-13,2013,1
37,34,MUJER,PRINCIPAL,Entre Ríos,GOLPES,2012-05-21,2012,5
760,23,MUJER,PRINCIPAL,Entre Ríos,APUÑALAMIENTO,2016-11-07,2016,11
1129,58,MUJER,PRINCIPAL,Entre Ríos,GOLPES,2018-06-07,2018,6
1129,30,MUJER,PRINCIPAL,Entre Ríos,GOLPES,2018-06-07,2018,6
1151,30,MUJER,PRINCIPAL,Entre Ríos,DISPARO DE BALA,2017-03-02,2017,3
1186,19,MUJER,PRINCIPAL,Entre Ríos,ACUCHILLAMIENTO,2018-07-25,2018,7
1224,27,MUJER,PRINCIPAL,Entre Ríos,DISPARO DE BALA,2018-09-24,2018,9
1242,41,MUJER,PRINCIPAL,Entre Ríos,DISPARO DE BALA,2018-10-30,2018,10
1257,34,MUJER,PRINCIPAL,Entre Ríos,APUÑALAMIENTO,2018-12-02,2018,12
442,17,MUJER,PRINCIPAL,Entre Ríos,INDEFINIDO,2015-08-25,2015,8
451,40,MUJER,PRINCIPAL,Entre Ríos,ACUCHILLAMIENTO,2015-03-18,2015,3
452,7,,VINCULADO,Entre Ríos,OTROS,2015-04-20,2015,4
453,47,MUJER,PRINCIPAL,Entre Ríos,QUEMADURAS,2015-03-12,2015,3
454,50,MUJER,PRINCIPAL,Entre Ríos,GOLPES,2015-08-31,2015,8
455,22,MUJER,PRINCIPAL,Entre Ríos,OTROS,2013-07-15,2013,7
471,30,MUJER,PRINCIPAL,Entre Ríos,ACUCHILLAMIENTO,2013-06-17,2013,6
759,37,MUJER,PRINCIPAL,Entre Ríos,DISPARO DE BALA,2016-11-05,2016,11
760,23,HOMBRE,VINCULADO,Entre Ríos,APUÑALAMIENTO,2016-11-07,2016,11
761,35,MUJER,PRINCIPAL,Entre Ríos,OTROS,2016-11-09,2016,11
763,39,MUJER,PRINCIPAL,Entre Ríos,DEGOLLAMIENTO,2016-11-14,2016,11
1022,27,MUJER,PRINCIPAL,Entre Ríos,ACUCHILLAMIENTO,2017-10-25,2017,10
1023,54,MUJER,PRINCIPAL,Entre Ríos,DISPARO DE BALA,2017-10-28,2017,10
1028,44,MUJER,PRINCIPAL,Entre Ríos,ACUCHILLAMIENTO,2017-11-25,2017,11
934,19,MUJER,PRINCIPAL,Formosa,ABUSO SEXUAL,2017-06-16,2017,6
130,,MUJER,PRINCIPAL,Formosa,QUEMADURAS,2015-06-07,2015,6
323,30,MUJER,PRINCIPAL,Formosa,ACUCHILLAMIENTO,2013-11-10,2013,11
512,21,MUJER,PRINCIPAL,Formosa,APUÑALAMIENTO,,,
590,50,MUJER,PRINCIPAL,Formosa,APUÑALAMIENTO,2016-02-15,2016,2
668,26,MUJER,PRINCIPAL,Formosa,GOLPES,2016-06-26,2016,6
714,29,TRANSGENERO,PRINCIPAL,Formosa,QUEMADURAS,2016-04-01,2016,4
1113,16,MUJER,PRINCIPAL,Formosa,ABUSO SEXUAL,2018-01-13,2018,1
1153,36,MUJER,PRINCIPAL,Formosa,DESCUARTIZAMIENTO,2017-03-19,2017,3
1158,50,MUJER,PRINCIPAL,Formosa,GOLPES,2017-04-09,2017,4
1227,29,MUJER,PRINCIPAL,Formosa,DISPARO DE BALA,2018-08-30,2018,8
1221,30,MUJER,PRINCIPAL,Formosa,DISPARO DE BALA,2018-09-18,2018,9
1031,34,MUJER,PRINCIPAL,Formosa,ACUCHILLAMIENTO,2017-11-29,2017,11
1033,30,MUJER,PRINCIPAL,Formosa,GOLPES,2015-02-09,2015,2
57,25,MUJER,PRINCIPAL,Jujuy,INDEFINIDO,2014-04-05,2014,4
154,53,MUJER,PRINCIPAL,Jujuy,INDEFINIDO,2015-05-29,2015,5
190,13,MUJER,PRINCIPAL,Jujuy,INDEFINIDO,2015-07-19,2015,7
474,30,MUJER,PRINCIPAL,Jujuy,DISPARO DE BALA,2013-02-24,2013,2
540,3,MUJER,PRINCIPAL,Jujuy,ESTRANGULAMIENTO,2015-12-02,2015,12
613,25,MUJER,PRINCIPAL,Jujuy,ASFIXIA,2015-04-18,2015,4
685,29,MUJER,PRINCIPAL,Jujuy,GOLPES,2016-07-14,2016,7
686,20,MUJER,PRINCIPAL,Jujuy,AHORCAMIENTO,2016-07-23,2016,7
720,21,MUJER,PRINCIPAL,Jujuy,AHORCAMIENTO,2015-02-01,2015,2
732,30,MUJER,PRINCIPAL,Jujuy,DISPARO DE BALA,2016-10-01,2016,10
746,35,MUJER,PRINCIPAL,Jujuy,QUEMADURAS,2016-10-17,2016,10
835,30,MUJER,PRINCIPAL,Jujuy,DEGOLLAMIENTO,2017-02-15,2017,2
835,8,MUJER,VINCULADO,Jujuy,DEGOLLAMIENTO,2017-02-15,2017,2
775,32,MUJER,PRINCIPAL,Jujuy,ACUCHILLAMIENTO,2016-12-05,2016,12
857,31,MUJER,PRINCIPAL,Jujuy,ESTRANGULAMIENTO,2017-03-22,2017,3
902,22,MUJER,PRINCIPAL,Jujuy,QUEMADURAS,2017-05-04,2017,5
836,20,MUJER,PRINCIPAL,Jujuy,ACUCHILLAMIENTO,2017-02-17,2017,2
971,39,MUJER,PRINCIPAL,Jujuy,GOLPES,2017-07-13,2017,7
990,27,MUJER,PRINCIPAL,Jujuy,GOLPES,2017-08-20,2017,8
996,51,MUJER,PRINCIPAL,Jujuy,GOLPES,2015-05-19,2015,5
997,21,MUJER,PRINCIPAL,Jujuy,ESTRANGULAMIENTO,2015-02-03,2015,2
1061,35,MUJER,PRINCIPAL,Jujuy,QUEMADURAS,2017-11-21,2017,11
1063,60,MUJER,PRINCIPAL,Jujuy,INDEFINIDO,2018-01-04,2018,1
1085,60,MUJER,PRINCIPAL,Jujuy,QUEMADURAS,2018-02-14,2018,2
711,36,TRANSGENERO,PRINCIPAL,Jujuy,ACUCHILLAMIENTO,2016-09-10,2016,9
852,50,MUJER,PRINCIPAL,Jujuy,GOLPES,2017-03-21,2017,3
157,49,MUJER,PRINCIPAL,La Pampa,DISPARO DE BALA,2015-07-12,2015,7
157,55,HOMBRE,VINCULADO,La Pampa,DISPARO DE BALA,2015-07-12,2015,7
324,27,MUJER,PRINCIPAL,La Pampa,GOLPES,2014-08-19,2014,8
325,55,MUJER,PRINCIPAL,La Pampa,DISPARO DE BALA,2014-12-14,2014,12
856,42,MUJER,PRINCIPAL,La Pampa,DEGOLLAMIENTO,2016-11-22,2016,11
1218,22,MUJER,PRINCIPAL,La Pampa,ACUCHILLAMIENTO,2018-09-04,2018,9
597,18,MUJER,PRINCIPAL,La Rioja,DISPARO DE BALA,2015-02-14,2015,2
628,27,MUJER,PRINCIPAL,La Rioja,APUÑALAMIENTO,2016-04-04,2016,4
859,42,MUJER,PRINCIPAL,La Rioja,APUÑALAMIENTO,2017-03-30,2017,3
1051,31,MUJER,PRINCIPAL,La Rioja,GOLPES,2018-01-08,2018,1
8,45,MUJER,PRINCIPAL,Mendoza,DISPARO DE BALA,2014-08-14,2014,8
224,23,MUJER,PRINCIPAL,Mendoza,GOLPES,2014-08-03,2014,8
241,23,MUJER,PRINCIPAL,Mendoza,ACUCHILLAMIENTO,2015-04-13,2015,4
385,45,MUJER,PRINCIPAL,Mendoza,GOLPES,2013-07-12,2013,7
387,39,MUJER,PRINCIPAL,Mendoza,GOLPES,2014-11-28,2014,11
388,59,MUJER,PRINCIPAL,Mendoza,GOLPES,2014-08-11,2014,8
389,21,MUJER,PRINCIPAL,Mendoza,ACUCHILLAMIENTO,2013-05-07,2013,5
386,57,MUJER,PRINCIPAL,Mendoza,DISPARO DE BALA,2015-02-13,2015,2
495,27,MUJER,PRINCIPAL,Mendoza,GOLPES,2015-09-20,2015,9
246,56,MUJER,PRINCIPAL,Mendoza,ACUCHILLAMIENTO,2015-05-15,2015,5
55,42,MUJER,PRINCIPAL,Mendoza,APUÑALAMIENTO,2015-10-30,2015,10
23,57,MUJER,PRINCIPAL,Mendoza,GOLPES,2014-04-02,2014,4
578,36,MUJER,PRINCIPAL,Mendoza,APUÑALAMIENTO,2016-02-07,2016,2
587,3,MUJER,PRINCIPAL,Mendoza,GOLPES,2014-01-07,2014,1
589,13,MUJER,PRINCIPAL,Mendoza,ASFIXIA,2016-02-07,2016,2
642,52,MUJER,PRINCIPAL,Mendoza,GOLPES,2016-04-23,2016,4
656,71,MUJER,PRINCIPAL,Mendoza,GOLPES,2015-12-17,2015,12
657,8,MUJER,PRINCIPAL,Mendoza,QUEMADURAS,2016-04-12,2016,4
671,35,MUJER,PRINCIPAL,Mendoza,DISPARO DE BALA,2016-07-05,2016,7
655,35,TRANSGENERO,PRINCIPAL,Mendoza,GOLPES,2016-06-05,2016,6
726,29,MUJER,PRINCIPAL,Mendoza,DISPARO DE BALA,2016-09-23,2016,9
728,19,MUJER,PRINCIPAL,Mendoza,DEGOLLAMIENTO,2016-09-28,2016,9
40,44,MUJER,VINCULADO,Mendoza,DISPARO DE BALA,2014-09-21,2014,9
727,21,MUJER,PRINCIPAL,Mendoza,GOLPES,2016-09-27,2016,9
734,24,MUJER,PRINCIPAL,Mendoza,INDEFINIDO,2015-07-19,2015,7
718,26,MUJER,PRINCIPAL,Mendoza,AHORCAMIENTO,2016-09-13,2016,9
739,15,MUJER,PRINCIPAL,Mendoza,ASFIXIA,2016-10-15,2016,10
750,65,MUJER,PRINCIPAL,Mendoza,ASFIXIA,2016-09-09,2016,9
751,41,MUJER,PRINCIPAL,Mendoza,ACUCHILLAMIENTO,2016-10-19,2016,10
789,30,MUJER,PRINCIPAL,Mendoza,INDEFINIDO,2016-12-10,2016,12
809,39,MUJER,PRINCIPAL,Mendoza,ESTRANGULAMIENTO,2016-08-29,2016,8
834,31,MUJER,PRINCIPAL,Mendoza,GOLPES,2017-02-15,2017,2
898,1,MUJER,PRINCIPAL,Mendoza,ATROPELLAMIENTO,2017-04-27,2017,4
903,34,MUJER,PRINCIPAL,Mendoza,ESTRANGULAMIENTO,2016-09-19,2016,9
40,8,HOMBRE,VINCULADO,Mendoza,DISPARO DE BALA,2014-09-21,2014,9
596,33,MUJER,PRINCIPAL,Mendoza,DISPARO DE BALA,2016-02-17,2016,2
716,33,TRANSGENERO,PRINCIPAL,Mendoza,ACUCHILLAMIENTO,2015-03-01,2015,3
1087,25,MUJER,PRINCIPAL,Mendoza,GOLPES,2018-02-13,2018,2
1087,51,MUJER,VINCULADO,Mendoza,GOLPES,2018-02-13,2018,2
1087,7,HOMBRE,VINCULADO,Mendoza,ESTRANGULAMIENTO,2018-02-13,2018,2
1089,32,MUJER,PRINCIPAL,Mendoza,GOLPES,2018-02-20,2018,2
1092,43,MUJER,PRINCIPAL,Mendoza,DISPARO DE BALA,2018-03-08,2018,3
1094,59,MUJER,PRINCIPAL,Mendoza,DISPARO DE BALA,2018-02-05,2018,2
1114,30,MUJER,PRINCIPAL,Mendoza,DISPARO DE BALA,2018-04-16,2018,4
1123,59,MUJER,PRINCIPAL,Mendoza,APUÑALAMIENTO,2018-03-05,2018,3
1124,32,HOMBRE,VINCULADO,Mendoza,INDEFINIDO,2018-05-25,2018,5
1124,40,HOMBRE,VINCULADO,Mendoza,ATROPELLAMIENTO,2018-05-25,2018,5
1176,22,MUJER,PRINCIPAL,Mendoza,ACUCHILLAMIENTO,2018-07-22,2018,7
1176,47,MUJER,VINCULADO,Mendoza,ACUCHILLAMIENTO,2018-07-22,2018,7
1176,4,HOMBRE,VINCULADO,Mendoza,ACUCHILLAMIENTO,2018-07-22,2018,7
1190,3,MUJER,PRINCIPAL,Mendoza,GOLPES,2017-11-29,2017,11
1241,46,MUJER,PRINCIPAL,Mendoza,GOLPES,2018-10-28,2018,10
1243,39,MUJER,PRINCIPAL,Mendoza,DEGOLLAMIENTO,2018-11-05,2018,11
243,69,MUJER,PRINCIPAL,Mendoza,ACUCHILLAMIENTO,2014-05-09,2014,5
242,37,MUJER,PRINCIPAL,Mendoza,DISPARO DE BALA,2013-01-16,2013,1
244,33,MUJER,PRINCIPAL,Mendoza,ACUCHILLAMIENTO,2014-06-19,2014,6
764,34,MUJER,PRINCIPAL,Mendoza,DISPARO DE BALA,2016-11-11,2016,11
890,40,MUJER,PRINCIPAL,Mendoza,DESCUARTIZAMIENTO,,,
889,52,MUJER,PRINCIPAL,Mendoza,AHORCAMIENTO,2017-04-23,2017,4
43,21,MUJER,VINCULADO,Misiones,INDEFINIDO,2014-01-05,2014,1
215,17,MUJER,PRINCIPAL,Misiones,DISPARO DE BALA,2014-03-09,2014,3
195,7,MUJER,PRINCIPAL,Misiones,OTROS,2013-01-09,2013,1
197,47,MUJER,PRINCIPAL,Misiones,GOLPES,2013-02-14,2013,2
201,21,MUJER,PRINCIPAL,Misiones,DISPARO DE BALA,2013-04-06,2013,4
203,29,MUJER,PRINCIPAL,Misiones,ACUCHILLAMIENTO,2013-09-21,2013,9
205,27,MUJER,PRINCIPAL,Misiones,DISPARO DE BALA,2013-10-17,2013,10
208,19,MUJER,PRINCIPAL,Misiones,GOLPES,2013-12-30,2013,12
205,25,MUJER,VINCULADO,Misiones,DISPARO DE BALA,2013-10-17,2013,10
202,24,MUJER,PRINCIPAL,Misiones,DISPARO DE BALA,2013-09-15,2013,9
206,27,MUJER,PRINCIPAL,Misiones,GOLPES,2013-11-22,2013,11
42,22,MUJER,VINCULADO,Misiones,ATROPELLAMIENTO,2014-01-05,2014,1
214,24,MUJER,PRINCIPAL,Misiones,GOLPES,2014-03-08,2014,3
216,56,MUJER,PRINCIPAL,Misiones,ACUCHILLAMIENTO,2014-05-04,2014,5
217,24,MUJER,PRINCIPAL,Misiones,ASFIXIA,2014-10-18,2014,10
219,23,MUJER,PRINCIPAL,Misiones,DISPARO DE BALA,2014-11-08,2014,11
229,12,MUJER,PRINCIPAL,Misiones,ESTRANGULAMIENTO,2015-04-22,2015,4
226,40,MUJER,PRINCIPAL,Misiones,GOLPES,2015-01-06,2015,1
315,31,MUJER,PRINCIPAL,Misiones,QUEMADURAS,2015-01-13,2015,1
476,2,MUJER,VINCULADO,Misiones,GOLPES,2015-01-29,2015,1
505,43,MUJER,PRINCIPAL,Misiones,QUEMADURAS,,,
48,36,MUJER,PRINCIPAL,Misiones,ESTRANGULAMIENTO,2015-10-21,2015,10
572,66,MUJER,PRINCIPAL,Misiones,INDEFINIDO,2014-02-28,2014,2
593,28,MUJER,VINCULADO,Misiones,DISPARO DE BALA,2016-02-13,2016,2
616,26,MUJER,PRINCIPAL,Misiones,GOLPES,2016-03-20,2016,3
677,53,MUJER,PRINCIPAL,Misiones,ESTRANGULAMIENTO,2016-07-11,2016,7
678,20,MUJER,PRINCIPAL,Misiones,ASFIXIA,2016-06-13,2016,6
755,26,TRANSGENERO,PRINCIPAL,Misiones,GOLPES,2016-10-27,2016,10
222,52,MUJER,PRINCIPAL,Misiones,GOLPES,2014-12-29,2014,12
880,27,MUJER,PRINCIPAL,Misiones,ACUCHILLAMIENTO,2017-04-17,2017,4
864,16,MUJER,PRINCIPAL,Misiones,ESTRANGULAMIENTO,2017-04-02,2017,4
196,40,MUJER,PRINCIPAL,Misiones,ACUCHILLAMIENTO,2013-01-13,2013,1
956,38,MUJER,PRINCIPAL,Misiones,ACUCHILLAMIENTO,2012-12-06,2012,12
1080,64,MUJER,PRINCIPAL,Misiones,DISPARO DE BALA,2018-02-14,2018,2
1130,30,MUJER,PRINCIPAL,Misiones,AHORCAMIENTO,2018-05-15,2018,5
1188,17,MUJER,PRINCIPAL,Misiones,DISPARO DE BALA,2018-07-22,2018,7
1197,52,MUJER,PRINCIPAL,Misiones,ACUCHILLAMIENTO,2018-08-20,2018,8
1212,22,MUJER,PRINCIPAL,Misiones,ESTRANGULAMIENTO,2018-09-10,2018,9
1225,29,MUJER,PRINCIPAL,Misiones,ACUCHILLAMIENTO,2018-09-16,2018,9
213,54,MUJER,PRINCIPAL,Misiones,DISPARO DE BALA,2014-01-29,2014,1
200,24,MUJER,PRINCIPAL,Misiones,GOLPES,2013-04-06,2013,4
228,16,MUJER,PRINCIPAL,Misiones,ACUCHILLAMIENTO,2015-04-07,2015,4
221,44,MUJER,PRINCIPAL,Misiones,ACUCHILLAMIENTO,2014-12-18,2014,12
227,48,MUJER,PRINCIPAL,Misiones,ACUCHILLAMIENTO,2015-03-23,2015,3
449,16,MUJER,PRINCIPAL,Misiones,ACUCHILLAMIENTO,2015-08-16,2015,8
784,47,MUJER,PRINCIPAL,Misiones,GOLPES,2016-12-18,2016,12
1039,26,MUJER,PRINCIPAL,Misiones,ASFIXIA,2017-12-02,2017,12
1042,43,MUJER,PRINCIPAL,Misiones,DISPARO DE BALA,2017-12-09,2017,12
594,27,MUJER,PRINCIPAL,Neuquen,DISPARO DE BALA,2016-01-24,2016,1
159,39,MUJER,PRINCIPAL,Neuquen,DISPARO DE BALA,2014-06-14,2014,6
161,23,MUJER,PRINCIPAL,Neuquen,DESBARRANCAMIENTO,2015-04-04,2015,4
182,39,MUJER,PRINCIPAL,Neuquen,DISPARO DE BALA,,,
484,36,MUJER,PRINCIPAL,Neuquen,DISPARO DE BALA,2015-09-12,2015,9
192,20,MUJER,PRINCIPAL,Neuquen,DISPARO DE BALA,2015-09-21,2015,9
569,49,MUJER,PRINCIPAL,Neuquen,QUEMADURAS,2015-08-27,2015,8
568,33,MUJER,PRINCIPAL,Neuquen,DISPARO DE BALA,2013-04-18,2013,4
687,43,MUJER,PRINCIPAL,Neuquen,ACUCHILLAMIENTO,2016-07-06,2016,7
844,43,MUJER,PRINCIPAL,Neuquen,DISPARO DE BALA,2017-03-12,2017,3
928,33,MUJER,PRINCIPAL,Neuquen,ACUCHILLAMIENTO,2017-06-11,2017,6
924,10,MUJER,VINCULADO,Neuquen,DISPARO DE BALA,2017-06-08,2017,6
783,36,HOMBRE,VINCULADO,Neuquen,DISPARO DE BALA,2016-11-27,2016,11
972,,MUJER,PRINCIPAL,Neuquen,QUEMADURAS,2017-07-24,2017,7
1054,39,MUJER,PRINCIPAL,Neuquen,DISPARO DE BALA,2018-01-11,2018,1
1079,30,MUJER,PRINCIPAL,Neuquen,ACUCHILLAMIENTO,2018-02-22,2018,2
1079,7,MUJER,VINCULADO,Neuquen,ACUCHILLAMIENTO,2018-02-22,2018,2
1100,69,MUJER,PRINCIPAL,Neuquen,GOLPES,2018-03-29,2018,3
1101,47,MUJER,PRINCIPAL,Neuquen,ACUCHILLAMIENTO,2018-01-14,2018,1
1179,65,HOMBRE,VINCULADO,Neuquen,GOLPES,2017-11-13,2017,11
233,21,MUJER,PRINCIPAL,Neuquen,DISPARO DE BALA,2013-01-17,2013,1
1017,36,MUJER,PRINCIPAL,Neuquen,APUÑALAMIENTO,2017-09-28,2017,9
262,23,MUJER,PRINCIPAL,Rio Negro,GOLPES,,,
310,47,MUJER,PRINCIPAL,Rio Negro,GOLPES,2014-11-20,2014,11
76,26,MUJER,PRINCIPAL,Rio Negro,INDEFINIDO,2014-12-28,2014,12
170,26,MUJER,PRINCIPAL,Rio Negro,INDEFINIDO,2015-04-10,2015,4
199,35,MUJER,PRINCIPAL,Rio Negro,ACUCHILLAMIENTO,2014-04-20,2014,4
218,14,MUJER,PRINCIPAL,Rio Negro,ESTRANGULAMIENTO,2014-10-24,2014,10
516,47,MUJER,PRINCIPAL,Rio Negro,ESTRANGULAMIENTO,2015-10-07,2015,10
617,29,MUJER,PRINCIPAL,Rio Negro,GOLPES,2016-03-17,2016,3
620,27,MUJER,PRINCIPAL,Rio Negro,GOLPES,2016-03-27,2016,3
624,28,MUJER,PRINCIPAL,Rio Negro,ACUCHILLAMIENTO,2016-03-23,2016,3
871,,HOMBRE,VINCULADO,Rio Negro,ACUCHILLAMIENTO,2015-11-07,2015,11
869,,,VINCULADO,Rio Negro,ACUCHILLAMIENTO,2016-10-29,2016,10
562,40,TRANSGENERO,PRINCIPAL,Rio Negro,DISPARO DE BALA,2016-01-17,2016,1
1126,56,MUJER,PRINCIPAL,Rio Negro,APUÑALAMIENTO,2018-05-29,2018,5
1140,30,MUJER,PRINCIPAL,Rio Negro,ACUCHILLAMIENTO,2018-06-28,2018,6
1143,,MUJER,PRINCIPAL,Rio Negro,INDEFINIDO,,,
1145,60,MUJER,PRINCIPAL,Rio Negro,DISPARO DE BALA,2018-06-05,2018,6
1230,55,MUJER,PRINCIPAL,Rio Negro,GOLPES,2018-10-10,2018,10
234,19,MUJER,PRINCIPAL,Rio Negro,GOLPES,2014-09-21,2014,9
460,68,MUJER,PRINCIPAL,Rio Negro,GOLPES,2013-07-26,2013,7
44,,MUJER,PRINCIPAL,Salta,INDEFINIDO,2014-10-05,2014,10
45,47,MUJER,PRINCIPAL,Salta,GOLPES,2014-07-25,2014,7
51,38,MUJER,PRINCIPAL,Salta,GOLPES,2014-09-08,2014,9
118,20,MUJER,PRINCIPAL,Salta,ASFIXIA,2014-11-08,2014,11
117,45,MUJER,PRINCIPAL,Salta,DISPARO DE BALA,2012-12-30,2012,12
148,35,MUJER,PRINCIPAL,Salta,ACUCHILLAMIENTO,2014-12-04,2014,12
127,22,MUJER,PRINCIPAL,Salta,GOLPES,2015-07-02,2015,7
174,21,MUJER,PRINCIPAL,Salta,QUEMADURAS,2015-07-06,2015,7
180,19,MUJER,PRINCIPAL,Salta,GOLPES,2014-07-13,2014,7
175,22,MUJER,PRINCIPAL,Salta,INDEFINIDO,2014-05-04,2014,5
248,16,MUJER,PRINCIPAL,Salta,ASFIXIA,2015-08-03,2015,8
345,64,MUJER,PRINCIPAL,Salta,GOLPES,2014-11-30,2014,11
382,26,MUJER,PRINCIPAL,Salta,DISPARO DE BALA,2014-07-28,2014,7
391,27,MUJER,PRINCIPAL,Salta,ACUCHILLAMIENTO,2013-03-13,2013,3
503,53,MUJER,PRINCIPAL,Salta,ACUCHILLAMIENTO,2015-09-20,2015,9
518,23,MUJER,PRINCIPAL,Salta,INDEFINIDO,2015-10-09,2015,10
508,19,MUJER,PRINCIPAL,Salta,ACUCHILLAMIENTO,2014-12-07,2014,12
1,56,MUJER,PRINCIPAL,Salta,GOLPES,2015-11-13,2015,11
547,25,MUJER,PRINCIPAL,Salta,DISPARO DE BALA,2015-11-24,2015,11
548,46,MUJER,PRINCIPAL,Salta,ASFIXIA,2015-12-01,2015,12
552,22,MUJER,PRINCIPAL,Salta,AHORCAMIENTO,2016-01-04,2016,1
566,31,MUJER,PRINCIPAL,Salta,APUÑALAMIENTO,2016-01-23,2016,1
634,32,MUJER,PRINCIPAL,Salta,DISPARO DE BALA,2016-03-21,2016,3
640,60,MUJER,PRINCIPAL,Salta,GOLPES,2015-01-25,2015,1
647,21,MUJER,PRINCIPAL,Salta,GOLPES,2016-04-18,2016,4
658,16,MUJER,PRINCIPAL,Salta,GOLPES,2016-03-18,2016,3
659,25,MUJER,PRINCIPAL,Salta,DISPARO DE BALA,2016-04-02,2016,4
669,21,MUJER,PRINCIPAL,Salta,ACUCHILLAMIENTO,2016-07-04,2016,7
693,20,MUJER,PRINCIPAL,Salta,GOLPES,2014-03-06,2014,3
712,27,MUJER,PRINCIPAL,Salta,ACUCHILLAMIENTO,2016-09-13,2016,9
803,35,MUJER,PRINCIPAL,Salta,ESTRANGULAMIENTO,2017-01-06,2017,1
823,44,MUJER,PRINCIPAL,Salta,ACUCHILLAMIENTO,2017-01-27,2017,1
801,18,MUJER,PRINCIPAL,Salta,AHORCAMIENTO,2017-01-05,2017,1
821,26,MUJER,PRINCIPAL,Salta,ACUCHILLAMIENTO,2017-02-01,2017,2
818,28,MUJER,PRINCIPAL,Salta,QUEMADURAS,2017-01-22,2017,1
842,54,MUJER,PRINCIPAL,Salta,GOLPES,2017-02-24,2017,2
850,17,MUJER,PRINCIPAL,Salta,DEGOLLAMIENTO,2017-03-18,2017,3
862,22,MUJER,PRINCIPAL,Salta,INDEFINIDO,2017-03-01,2017,3
515,16,MUJER,PRINCIPAL,Salta,ESTRANGULAMIENTO,2014-05-12,2014,5
926,39,MUJER,PRINCIPAL,Salta,ACUCHILLAMIENTO,2017-06-11,2017,6
921,3,HOMBRE,VINCULADO,Salta,ENVENENAMIENTO,2017-06-05,2017,6
921,26,MUJER,PRINCIPAL,Salta,ENVENENAMIENTO,2017-06-05,2017,6
916,22,MUJER,PRINCIPAL,Salta,ESTRANGULAMIENTO,2017-05-27,2017,5
235,63,MUJER,PRINCIPAL,Salta,ACUCHILLAMIENTO,2015-01-20,2015,1
991,19,MUJER,PRINCIPAL,Salta,ESTRANGULAMIENTO,2017-08-26,2017,8
986,21,MUJER,PRINCIPAL,Salta,ENVENENAMIENTO,2017-08-17,2017,8
1053,24,MUJER,PRINCIPAL,Salta,ACUCHILLAMIENTO,2017-12-18,2017,12
1066,26,MUJER,PRINCIPAL,Salta,GOLPES,2017-12-17,2017,12
1098,44,MUJER,PRINCIPAL,Salta,ACUCHILLAMIENTO,2018-03-26,2018,3
307,31,TRANSGENERO,PRINCIPAL,Salta,GOLPES,2014-12-24,2014,12
1167,47,MUJER,PRINCIPAL,Salta,ESTRANGULAMIENTO,2017-04-26,2017,4
1207,17,MUJER,PRINCIPAL,Salta,APUÑALAMIENTO,2017-03-18,2017,3
1208,,MUJER,PRINCIPAL,Salta,ASFIXIA,2018-03-20,2018,3
1215,39,MUJER,PRINCIPAL,Salta,APUÑALAMIENTO,2018-09-21,2018,9
1222,16,MUJER,PRINCIPAL,Salta,GOLPES,2018-02-16,2018,2
1223,27,MUJER,PRINCIPAL,Salta,GOLPES,2018-11-10,2018,11
1233,49,MUJER,PRINCIPAL,Salta,ACUCHILLAMIENTO,2018-10-25,2018,10
239,34,MUJER,PRINCIPAL,Salta,ACUCHILLAMIENTO,2014-12-04,2014,12
434,9,MUJER,PRINCIPAL,Salta,INDEFINIDO,2013-05-18,2013,5
462,21,MUJER,PRINCIPAL,Salta,ESTRANGULAMIENTO,2013-07-08,2013,7
773,15,MUJER,PRINCIPAL,Salta,AHORCAMIENTO,2016-12-05,2016,12
896,15,MUJER,PRINCIPAL,Salta,ACUCHILLAMIENTO,2017-04-29,2017,4
1008,25,MUJER,PRINCIPAL,Salta,GOLPES,2017-09-21,2017,9
1032,38,MUJER,PRINCIPAL,Salta,DISPARO DE BALA,2017-12-01,2017,12
1048,17,MUJER,PRINCIPAL,Salta,ASFIXIA,2017-12-07,2017,12
339,34,MUJER,PRINCIPAL,San Juan,GOLPES,2013-05-26,2013,5
342,,,PRINCIPAL,San Juan,GOLPES,2014-01-17,2014,1
341,16,MUJER,PRINCIPAL,San Juan,GOLPES,2013-09-28,2013,9
610,45,MUJER,PRINCIPAL,San Juan,GOLPES,2016-03-11,2016,3
600,64,MUJER,PRINCIPAL,San Juan,GOLPES,2016-02-23,2016,2
601,37,MUJER,PRINCIPAL,San Juan,GOLPES,,,
666,17,MUJER,PRINCIPAL,San Juan,ESTRANGULAMIENTO,2016-06-16,2016,6
941,52,MUJER,PRINCIPAL,San Juan,ACUCHILLAMIENTO,2017-06-02,2017,6
1137,27,MUJER,PRINCIPAL,San Juan,DESCUARTIZAMIENTO,2018-06-19,2018,6
1141,24,MUJER,PRINCIPAL,San Juan,APUÑALAMIENTO,2018-06-27,2018,6
1157,46,MUJER,PRINCIPAL,San Juan,DISPARO DE BALA,2017-04-04,2017,4
271,22,MUJER,PRINCIPAL,San Luis,DISPARO DE BALA,2015-03-29,2015,3
338,40,MUJER,PRINCIPAL,San Luis,ACUCHILLAMIENTO,2014-12-07,2014,12
605,32,MUJER,PRINCIPAL,San Luis,DISPARO DE BALA,2016-01-30,2016,1
853,16,MUJER,PRINCIPAL,San Luis,DISPARO DE BALA,2017-03-19,2017,3
231,30,MUJER,PRINCIPAL,San Luis,GOLPES,2015-07-29,2015,7
940,31,MUJER,PRINCIPAL,San Luis,GOLPES,2017-06-28,2017,6
340,18,MUJER,PRINCIPAL,San Luis,DISPARO DE BALA,2013-01-19,2013,1
855,12,MUJER,PRINCIPAL,San Luis,ESTRANGULAMIENTO,2017-03-22,2017,3
1073,38,MUJER,PRINCIPAL,San Luis,AHORCAMIENTO,2018-01-28,2018,1
415,26,MUJER,PRINCIPAL,San Luis,DISPARO DE BALA,2013-11-04,2013,11
415,4,HOMBRE,VINCULADO,San Luis,DISPARO DE BALA,2013-11-04,2013,11
256,48,MUJER,PRINCIPAL,Santa Cruz,ASFIXIA,2014-10-25,2014,10
522,26,TRANSGENERO,PRINCIPAL,Santa Cruz,INDEFINIDO,,,
24,17,MUJER,PRINCIPAL,Santa Cruz,ESTRANGULAMIENTO,2015-11-08,2015,11
635,22,MUJER,PRINCIPAL,Santa Cruz,ESTRANGULAMIENTO,2016-04-24,2016,4
731,30,MUJER,PRINCIPAL,Santa Cruz,QUEMADURAS,2016-10-05,2016,10
1074,52,MUJER,PRINCIPAL,Santa Cruz,ESTRANGULAMIENTO,2017-05-05,2017,5
240,20,MUJER,PRINCIPAL,Santa Cruz,ACUCHILLAMIENTO,2015-01-25,2015,1
237,18,MUJER,PRINCIPAL,Santa Fe,DISPARO DE BALA,2014-11-02,2014,11
73,25,MUJER,PRINCIPAL,Santa Fe,QUEMADURAS,2013-04-01,2013,4
47,58,MUJER,PRINCIPAL,Santa Fe,APUÑALAMIENTO,2015-02-23,2015,2
120,23,MUJER,PRINCIPAL,Santa Fe,INDEFINIDO,2014-11-04,2014,11
119,27,MUJER,PRINCIPAL,Santa Fe,QUEMADURAS,2013-03-30,2013,3
162,36,MUJER,PRINCIPAL,Santa Fe,INDEFINIDO,2015-01-05,2015,1
163,18,MUJER,PRINCIPAL,Santa Fe,ESTRANGULAMIENTO,2015-02-13,2015,2
164,23,MUJER,PRINCIPAL,Santa Fe,ACUCHILLAMIENTO,2015-01-21,2015,1
181,41,MUJER,PRINCIPAL,Santa Fe,QUEMADURAS,2014-12-12,2014,12
347,55,MUJER,PRINCIPAL,Santa Fe,DISPARO DE BALA,2015-04-16,2015,4
348,38,MUJER,PRINCIPAL,Santa Fe,DISPARO DE BALA,2015-04-14,2015,4
369,41,MUJER,PRINCIPAL,Santa Fe,DISPARO DE BALA,2012-12-30,2012,12
346,31,TRANSGENERO,PRINCIPAL,Santa Fe,INDEFINIDO,2013-03-29,2013,3
349,22,MUJER,PRINCIPAL,Santa Fe,ESTRANGULAMIENTO,2014-12-06,2014,12
397,25,MUJER,PRINCIPAL,Santa Fe,DISPARO DE BALA,2014-12-22,2014,12
410,26,MUJER,PRINCIPAL,Santa Fe,INDEFINIDO,2013-08-20,2013,8
483,24,MUJER,PRINCIPAL,Santa Fe,DISPARO DE BALA,2015-09-12,2015,9
497,53,MUJER,PRINCIPAL,Santa Fe,GOLPES,2014-02-19,2014,2
28,24,MUJER,PRINCIPAL,Santa Fe,DISPARO DE BALA,2015-02-01,2015,2
166,17,MUJER,PRINCIPAL,Santa Fe,GOLPES,2015-11-15,2015,11
523,59,TRANSGENERO,PRINCIPAL,Santa Fe,ACUCHILLAMIENTO,2015-09-25,2015,9
551,54,MUJER,PRINCIPAL,Santa Fe,ACUCHILLAMIENTO,2016-01-04,2016,1
556,20,MUJER,PRINCIPAL,Santa Fe,DISPARO DE BALA,2015-12-15,2015,12
558,49,MUJER,PRINCIPAL,Santa Fe,DISPARO DE BALA,2016-01-13,2016,1
573,32,MUJER,PRINCIPAL,Santa Fe,GOLPES,2015-11-04,2015,11
581,29,MUJER,PRINCIPAL,Santa Fe,ASFIXIA,2016-02-06,2016,2
579,35,MUJER,PRINCIPAL,Santa Fe,APUÑALAMIENTO,2016-02-07,2016,2
631,53,MUJER,PRINCIPAL,Santa Fe,GOLPES,2016-04-11,2016,4
637,48,MUJER,PRINCIPAL,Santa Fe,DISPARO DE BALA,2016-04-24,2016,4
622,25,MUJER,PRINCIPAL,Santa Fe,DISPARO DE BALA,2016-03-28,2016,3
652,12,MUJER,PRINCIPAL,Santa Fe,ESTRANGULAMIENTO,2016-05-25,2016,5
664,58,MUJER,PRINCIPAL,Santa Fe,DISPARO DE BALA,2016-06-22,2016,6
650,21,MUJER,PRINCIPAL,Santa Fe,GOLPES,2016-05-14,2016,5
673,42,MUJER,PRINCIPAL,Santa Fe,DEGOLLAMIENTO,2016-06-23,2016,6
691,17,MUJER,PRINCIPAL,Santa Fe,DISPARO DE BALA,2016-07-31,2016,7
690,25,MUJER,PRINCIPAL,Santa Fe,GOLPES,2016-07-28,2016,7
684,37,MUJER,PRINCIPAL,Santa Fe,ACUCHILLAMIENTO,2016-07-23,2016,7
706,17,MUJER,PRINCIPAL,Santa Fe,INDEFINIDO,2016-08-16,2016,8
717,24,MUJER,PRINCIPAL,Santa Fe,DISPARO DE BALA,2016-09-12,2016,9
790,45,HOMBRE,VINCULADO,Santa Fe,APUÑALAMIENTO,2016-12-25,2016,12
840,67,MUJER,PRINCIPAL,Santa Fe,GOLPES,2017-02-27,2017,2
824,32,MUJER,PRINCIPAL,Santa Fe,GOLPES,2017-02-06,2017,2
62,14,MUJER,PRINCIPAL,Santa Fe,DEGOLLAMIENTO,2015-05-10,2015,5
913,,MUJER,PRINCIPAL,Santa Fe,GOLPES,2015-07-25,2015,7
891,35,MUJER,PRINCIPAL,Santa Fe,GOLPES,2017-04-19,2017,4
925,18,MUJER,PRINCIPAL,Santa Fe,DISPARO DE BALA,2017-06-10,2017,6
973,29,MUJER,PRINCIPAL,Santa Fe,DISPARO DE BALA,2014-10-11,2014,10
961,37,MUJER,PRINCIPAL,Santa Fe,GOLPES,2017-07-12,2017,7
985,32,MUJER,PRINCIPAL,Santa Fe,QUEMADURAS,2013-12-09,2013,12
987,20,MUJER,PRINCIPAL,Santa Fe,DISPARO DE BALA,2017-08-19,2017,8
976,36,TRANSGENERO,PRINCIPAL,Santa Fe,DISPARO DE BALA,2017-07-25,2017,7
1018,20,MUJER,PRINCIPAL,Santa Fe,ACUCHILLAMIENTO,2017-10-20,2017,10
1058,23,MUJER,PRINCIPAL,Santa Fe,AHORCAMIENTO,2018-01-06,2018,1
1060,18,MUJER,PRINCIPAL,Santa Fe,QUEMADURAS,2017-12-25,2017,12
1064,19,MUJER,VINCULADO,Santa Fe,DISPARO DE BALA,2017-12-29,2017,12
1064,20,HOMBRE,VINCULADO,Santa Fe,DISPARO DE BALA,2017-12-29,2017,12
1064,19,MUJER,VINCULADO,Santa Fe,DISPARO DE BALA,2017-12-29,2017,12
1064,,MUJER,VINCULADO,Santa Fe,INDEFINIDO,2017-12-29,2017,12
1083,45,TRANSGENERO,PRINCIPAL,Santa Fe,ACUCHILLAMIENTO,2018-02-09,2018,2
1077,19,MUJER,PRINCIPAL,Santa Fe,ACUCHILLAMIENTO,2018-02-14,2018,2
1064,35,MUJER,PRINCIPAL,Santa Fe,DISPARO DE BALA,2017-12-29,2017,12
1078,49,MUJER,PRINCIPAL,Santa Fe,OTROS,2017-12-28,2017,12
1111,16,MUJER,PRINCIPAL,Santa Fe,OTROS,2018-04-13,2018,4
1148,19,MUJER,PRINCIPAL,Santa Fe,DISPARO DE BALA,2018-07-05,2018,7
1173,24,MUJER,PRINCIPAL,Santa Fe,OTROS,2017-11-06,2017,11
1178,24,MUJER,PRINCIPAL,Santa Fe,DISPARO DE BALA,2017-10-08,2017,10
1182,20,MUJER,PRINCIPAL,Santa Fe,DISPARO DE BALA,2017-12-03,2017,12
1183,29,MUJER,PRINCIPAL,Santa Fe,DISPARO DE BALA,2017-12-31,2017,12
1203,16,MUJER,PRINCIPAL,Santa Fe,ABUSO SEXUAL,2018-08-25,2018,8
1209,19,MUJER,PRINCIPAL,Santa Fe,AHOGAMIENTO,2017-07-01,2017,7
1236,23,MUJER,PRINCIPAL,Santa Fe,QUEMADURAS,2018-10-22,2018,10
1253,20,MUJER,PRINCIPAL,Santa Fe,APUÑALAMIENTO,2018-11-07,2018,11
238,32,MUJER,PRINCIPAL,Santa Fe,APUÑALAMIENTO,2013-01-19,2013,1
464,25,MUJER,PRINCIPAL,Santa Fe,GOLPES,2013-03-07,2013,3
766,38,MUJER,PRINCIPAL,Santa Fe,APUÑALAMIENTO,2016-11-17,2016,11
767,35,MUJER,PRINCIPAL,Santa Fe,OTROS,2016-11-12,2016,11
790,15,MUJER,VINCULADO,Santa Fe,APUÑALAMIENTO,2016-12-25,2016,12
790,44,MUJER,VINCULADO,Santa Fe,APUÑALAMIENTO,2016-12-25,2016,12
790,32,HOMBRE,VINCULADO,Santa Fe,APUÑALAMIENTO,2016-12-25,2016,12
870,43,MUJER,PRINCIPAL,Santa Fe,GOLPES,2017-04-09,2017,4
881,49,MUJER,PRINCIPAL,Santa Fe,ACUCHILLAMIENTO,2017-04-13,2017,4
886,41,MUJER,PRINCIPAL,Santa Fe,DISPARO DE BALA,2017-04-17,2017,4
885,29,MUJER,PRINCIPAL,Santa Fe,ACUCHILLAMIENTO,2017-04-16,2017,4
1021,33,MUJER,PRINCIPAL,Santa Fe,ACUCHILLAMIENTO,2017-10-24,2017,10
1021,2,MUJER,VINCULADO,Santa Fe,ACUCHILLAMIENTO,2017-10-24,2017,10
1026,22,MUJER,PRINCIPAL,Santa Fe,GOLPES,2017-11-07,2017,11
935,17,MUJER,PRINCIPAL,Santiago del Estero,DISPARO DE BALA,2017-06-25,2017,6
289,17,MUJER,PRINCIPAL,Santiago del Estero,GOLPES,2013-10-30,2013,10
4,26,MUJER,PRINCIPAL,Santiago del Estero,DISPARO DE BALA,2014-08-13,2014,8
172,31,MUJER,PRINCIPAL,Santiago del Estero,ACUCHILLAMIENTO,2015-07-13,2015,7
204,41,MUJER,PRINCIPAL,Santiago del Estero,ACUCHILLAMIENTO,2013-03-13,2013,3
285,34,MUJER,PRINCIPAL,Santiago del Estero,DISPARO DE BALA,2013-04-28,2013,4
287,29,MUJER,PRINCIPAL,Santiago del Estero,ACUCHILLAMIENTO,2013-06-01,2013,6
290,19,MUJER,PRINCIPAL,Santiago del Estero,ACUCHILLAMIENTO,2013-10-19,2013,10
291,53,,PRINCIPAL,Santiago del Estero,DISPARO DE BALA,2013-10-21,2013,10
292,23,MUJER,PRINCIPAL,Santiago del Estero,QUEMADURAS,2014-01-10,2014,1
293,18,MUJER,PRINCIPAL,Santiago del Estero,ACUCHILLAMIENTO,2015-01-25,2015,1
294,43,MUJER,PRINCIPAL,Santiago del Estero,ACUCHILLAMIENTO,2014-02-19,2014,2
295,43,MUJER,PRINCIPAL,Santiago del Estero,DISPARO DE BALA,2014-03-07,2014,3
296,43,MUJER,PRINCIPAL,Santiago del Estero,GOLPES,2014-03-13,2014,3
297,36,MUJER,PRINCIPAL,Santiago del Estero,GOLPES,2014-05-23,2014,5
298,26,MUJER,PRINCIPAL,Santiago del Estero,ACUCHILLAMIENTO,2014-06-15,2014,6
300,50,MUJER,PRINCIPAL,Santiago del Estero,ACUCHILLAMIENTO,2014-08-10,2014,8
281,22,MUJER,PRINCIPAL,Santiago del Estero,DISPARO DE BALA,2013-02-11,2013,2
282,55,MUJER,PRINCIPAL,Santiago del Estero,DISPARO DE BALA,2013-04-21,2013,4
344,42,MUJER,PRINCIPAL,Santiago del Estero,ACUCHILLAMIENTO,2014-02-19,2014,2
492,24,TRANSGENERO,PRINCIPAL,Santiago del Estero,ATROPELLAMIENTO,2014-12-03,2014,12
571,58,MUJER,PRINCIPAL,Santiago del Estero,APUÑALAMIENTO,2015-12-23,2015,12
612,28,MUJER,PRINCIPAL,Santiago del Estero,INDEFINIDO,2016-03-13,2016,3
595,45,MUJER,PRINCIPAL,Santiago del Estero,APUÑALAMIENTO,2015-12-10,2015,12
629,32,HOMBRE,VINCULADO,Santiago del Estero,DISPARO DE BALA,2016-04-06,2016,4
629,36,MUJER,PRINCIPAL,Santiago del Estero,DISPARO DE BALA,2016-04-06,2016,4
629,25,MUJER,VINCULADO,Santiago del Estero,DISPARO DE BALA,2016-04-06,2016,4
662,36,MUJER,PRINCIPAL,Santiago del Estero,AHORCAMIENTO,2016-06-16,2016,6
724,44,MUJER,PRINCIPAL,Santiago del Estero,DISPARO DE BALA,2016-09-21,2016,9
740,28,MUJER,PRINCIPAL,Santiago del Estero,ACUCHILLAMIENTO,2016-10-14,2016,10
791,29,MUJER,PRINCIPAL,Santiago del Estero,ACUCHILLAMIENTO,2016-12-24,2016,12
800,0,HOMBRE,VINCULADO,Santiago del Estero,GOLPES,2016-12-30,2016,12
837,33,MUJER,PRINCIPAL,Santiago del Estero,ACUCHILLAMIENTO,2017-02-20,2017,2
837,11,MUJER,VINCULADO,Santiago del Estero,ACUCHILLAMIENTO,2017-02-20,2017,2
837,9,MUJER,VINCULADO,Santiago del Estero,ACUCHILLAMIENTO,2017-02-20,2017,2
837,3,HOMBRE,VINCULADO,Santiago del Estero,QUEMADURAS,2017-02-20,2017,2
837,12,HOMBRE,VINCULADO,Santiago del Estero,ACUCHILLAMIENTO,2017-02-20,2017,2
874,43,MUJER,PRINCIPAL,Santiago del Estero,ACUCHILLAMIENTO,2017-04-14,2017,4
288,41,MUJER,PRINCIPAL,Santiago del Estero,ACUCHILLAMIENTO,2013-07-27,2013,7
943,39,MUJER,PRINCIPAL,Santiago del Estero,AHORCAMIENTO,2012-01-22,2012,1
918,40,MUJER,PRINCIPAL,Santiago del Estero,APUÑALAMIENTO,2017-06-01,2017,6
67,42,MUJER,PRINCIPAL,Santiago del Estero,DISPARO DE BALA,2015-06-06,2015,6
953,31,MUJER,PRINCIPAL,Santiago del Estero,ESTRANGULAMIENTO,2017-07-09,2017,7
865,78,MUJER,PRINCIPAL,Santiago del Estero,GOLPES,2014-06-01,2014,6
1001,22,MUJER,PRINCIPAL,Santiago del Estero,ESTRANGULAMIENTO,2017-09-11,2017,9
1059,21,MUJER,PRINCIPAL,Santiago del Estero,AHORCAMIENTO,2017-09-12,2017,9
1133,30,MUJER,PRINCIPAL,Santiago del Estero,DISPARO DE BALA,2018-06-19,2018,6
1165,49,MUJER,PRINCIPAL,Santiago del Estero,DISPARO DE BALA,2017-09-27,2017,9
1187,85,MUJER,PRINCIPAL,Santiago del Estero,DISPARO DE BALA,2017-11-25,2017,11
1199,17,MUJER,PRINCIPAL,Santiago del Estero,DEGOLLAMIENTO,2017-12-24,2017,12
1213,43,MUJER,PRINCIPAL,Santiago del Estero,GOLPES,2018-09-12,2018,9
1259,27,MUJER,PRINCIPAL,Santiago del Estero,DISPARO DE BALA,2019-01-01,2019,1
209,23,MUJER,PRINCIPAL,Santiago del Estero,ACUCHILLAMIENTO,2015-06-12,2015,6
191,34,MUJER,PRINCIPAL,Santiago del Estero,ACUCHILLAMIENTO,2015-07-26,2015,7
299,43,MUJER,PRINCIPAL,Santiago del Estero,GOLPES,2014-06-24,2014,6
895,SE,MUJER,PRINCIPAL,Santiago del Estero,ACUCHILLAMIENTO,2017-04-28,2017,4
1013,20,HOMBRE,VINCULADO,Santiago del Estero,DESCUARTIZAMIENTO,2017-10-06,2017,10
1013,62,MUJER,PRINCIPAL,Santiago del Estero,DESCUARTIZAMIENTO,2017-10-06,2017,10
309,32,TRANSGENERO,PRINCIPAL,Tierra del Fuego,ACUCHILLAMIENTO,2013-05-12,2013,5
667,25,MUJER,PRINCIPAL,Tierra del Fuego,DESCUARTIZAMIENTO,2016-07-03,2016,7
713,32,TRANSGENERO,PRINCIPAL,Tierra del Fuego,ACUCHILLAMIENTO,2013-05-12,2013,5
1162,61,MUJER,PRINCIPAL,Tierra del Fuego,DISPARO DE BALA,2017-04-19,2017,4
49,38,MUJER,PRINCIPAL,Tucuman,INDEFINIDO,2014-09-30,2014,9
358,,MUJER,PRINCIPAL,Tucuman,QUEMADURAS,2013-02-02,2013,2
511,20,MUJER,PRINCIPAL,Tucuman,DISPARO DE BALA,,,
654,12,MUJER,PRINCIPAL,Tucuman,ESTRANGULAMIENTO,2016-05-28,2016,5
696,18,MUJER,PRINCIPAL,Tucuman,AHORCAMIENTO,2016-08-07,2016,8
723,18,MUJER,PRINCIPAL,Tucuman,INDEFINIDO,2016-09-18,2016,9
748,42,MUJER,PRINCIPAL,Tucuman,APUÑALAMIENTO,2016-10-18,2016,10
756,22,MUJER,PRINCIPAL,Tucuman,QUEMADURAS,2016-10-19,2016,10
788,34,MUJER,PRINCIPAL,Tucuman,ESTRANGULAMIENTO,2016-12-21,2016,12
822,28,MUJER,PRINCIPAL,Tucuman,APUÑALAMIENTO,2017-02-04,2017,2
873,16,MUJER,PRINCIPAL,Tucuman,ABUSO SEXUAL,2017-04-14,2017,4
905,17,MUJER,PRINCIPAL,Tucuman,QUEMADURAS,2017-05-06,2017,5
936,37,MUJER,PRINCIPAL,Tucuman,DISPARO DE BALA,2017-06-27,2017,6
957,999,MUJER,PRINCIPAL,Tucuman,GOLPES,2014-06-22,2014,6
959,24,MUJER,PRINCIPAL,Tucuman,DISPARO DE BALA,2014-07-06,2014,7
955,21,MUJER,PRINCIPAL,Tucuman,QUEMADURAS,2017-04-02,2017,4
989,30,MUJER,PRINCIPAL,Tucuman,DISPARO DE BALA,2013-04-01,2013,4
1000,31,TRANSGENERO,PRINCIPAL,Tucuman,ASFIXIA,2017-08-12,2017,8
1047,20,MUJER,PRINCIPAL,Tucuman,QUEMADURAS,2017-12-08,2017,12
1072,50,MUJER,PRINCIPAL,Tucuman,DISPARO DE BALA,2018-01-24,2018,1
1102,26,MUJER,PRINCIPAL,Tucuman,OTROS,2018-03-30,2018,3
1117,,TRANSGENERO,PRINCIPAL,Tucuman,INDEFINIDO,2018-02-19,2018,2
1161,3,MUJER,PRINCIPAL,Tucuman,GOLPES,2017-04-11,2017,4
1177,42,MUJER,PRINCIPAL,Tucuman,ACUCHILLAMIENTO,2017-09-29,2017,9
1180,31,MUJER,PRINCIPAL,Tucuman,GOLPES,2017-11-20,2017,11
1193,29,MUJER,VINCULADO,Tucuman,DISPARO DE BALA,2018-08-03,2018,8
1184,30,MUJER,PRINCIPAL,Tucuman,GOLPES,2017-11-23,2017,11
1193,23,MUJER,PRINCIPAL,Tucuman,DISPARO DE BALA,2018-08-03,2018,8
1226,14,MUJER,PRINCIPAL,Tucuman,INDEFINIDO,2018-09-21,2018,9
1237,35,MUJER,PRINCIPAL,Tucuman,ESTRANGULAMIENTO,2016-07-16,2016,7
888,,MUJER,PRINCIPAL,Tucuman,ACUCHILLAMIENTO,2017-04-23,2017,4
1003,22,MUJER,PRINCIPAL,Tucuman,DISPARO DE BALA,2017-09-01,2017,9
1046,38,MUJER,PRINCIPAL,Tucuman,DISPARO DE BALA,2014-11-16,2014,11
211,24,MUJER,PRINCIPAL,Misiones,OTROS,2014-08-17,2014,8
198,47,MUJER,PRINCIPAL,Buenos Aires,DISPARO DE BALA,2015-07-27,2015,7
220,1,MUJER,PRINCIPAL,Buenos Aires,GOLPES,2015-06-10,2015,6
230,30,MUJER,PRINCIPAL,La Rioja,DISPARO DE BALA,2013-03-25,2013,3
257,21,MUJER,PRINCIPAL,Chaco,ACUCHILLAMIENTO,2014-08-14,2014,8
247,14,MUJER,PRINCIPAL,Buenos Aires,ESTRANGULAMIENTO,2014-08-21,2014,8
268,74,MUJER,PRINCIPAL,Buenos Aires,DISPARO DE BALA,2015-05-12,2015,5
319,35,MUJER,PRINCIPAL,Catamarca,GOLPES,2013-10-06,2013,10
333,13,MUJER,PRINCIPAL,Corrientes,ESTRANGULAMIENTO,2014-09-17,2014,9
404,43,MUJER,PRINCIPAL,Santa Fe,OTROS,2014-09-06,2014,9
443,40,MUJER,PRINCIPAL,Rio Negro,DISPARO DE BALA,2013-04-30,2013,4
510,21,MUJER,PRINCIPAL,Buenos Aires,INDEFINIDO,2014-03-08,2014,3
513,19,MUJER,PRINCIPAL,Misiones,DISPARO DE BALA,2014-08-06,2014,8
517,18,MUJER,PRINCIPAL,Mendoza,QUEMADURAS,,,
531,35,MUJER,PRINCIPAL,Mendoza,ACUCHILLAMIENTO,,,
314,18,MUJER,PRINCIPAL,Buenos Aires,ASFIXIA,2014-12-09,2014,12
592,25,MUJER,PRINCIPAL,Mendoza,GOLPES,2016-02-15,2016,2
752,65,MUJER,VINCULADO,Cordoba,ACUCHILLAMIENTO,2016-10-23,2016,10
1146,26,MUJER,PRINCIPAL,Tucuman,AHORCAMIENTO,2018-07-16,2018,7
1232,19,MUJER,PRINCIPAL,Tucuman,ACUCHILLAMIENTO,2018-10-27,2018,10
212,29,MUJER,PRINCIPAL,Buenos Aires,GOLPES,2014-03-13,2014,3
236,36,MUJER,PRINCIPAL,Entre Rios,INDEFINIDO,2013-03-31,2013,3
417,28,MUJER,PRINCIPAL,Buenos Aires,INDEFINIDO,1905-07-05,1905,7
432,32,MUJER,PRINCIPAL,Buenos Aires,INDEFINIDO,,,
430,49,MUJER,PRINCIPAL,Buenos Aires,INDEFINIDO,,,
425,45,MUJER,PRINCIPAL,Buenos Aires,INDEFINIDO,,,
465,11,MUJER,PRINCIPAL,Buenos Aires,OTROS,2013-02-23,2013,2
752,31,MUJER,PRINCIPAL,Mendoza,ACUCHILLAMIENTO,2016-10-23,2016,10
752,90,MUJER,VINCULADO,Mendoza,ACUCHILLAMIENTO,2016-10-23,2016,10
797,999,MUJER,PRINCIPAL,Buenos Aires,OTROS,1905-07-06,1905,7